"","pondos","thinning","temp","elevation","roaddist","slope"
"1",62.6841007702654,0,15.7057895403914,338.879376882687,7.36017943150364,26.2920159777705
"2",65.2400120199686,1,18.7670484468641,311.501067364588,2.48971766768955,29.3053806267827
"3",63.6911075030217,0,20.153169658268,489.467478822917,7.22836105409078,26.8953994514662
"4",68.0629692489281,0,13.9476243831333,133.453531656414,8.38496591895819,24.4239172313531
"5",60.0434586994517,0,20.2929610746392,931.682541733608,6.19549781084061,22.8349215298036
"6",64.0795555023549,0,25.0441962110272,901.700525078923,1.41386871621944,27.1608465866993
"7",61.8691277156174,0,23.1285797649595,852.176181040704,2.50253044394776,26.1654755201838
"8",69.9658326422826,1,18.6933222057843,582.652829121798,5.68371096323244,21.9332311484658
"9",62.9649185162807,0,18.3879315252615,300.300603732467,1.20682540233247,31.6656700141194
"10",64.1592774435328,0,22.0519957575384,545.886531937867,5.39909647149034,27.2344143509424
"11",68.1307558686297,1,18.6868989771981,541.664875112474,5.54835665482096,22.2571509953631
"12",58.252872986205,0,22.5319941324765,819.652452366427,7.73887567548081,23.6017259065841
"13",80.4618074407167,1,15.6132509149247,31.8698859773576,2.54271960142069,18.371865630697
"14",67.0596223021144,0,20.5143719608369,460.357784992084,3.07676565111615,22.9317646389892
"15",58.1117576491811,0,19.8294964461518,683.893325272948,4.98399653658271,28.6966039314947
"16",67.437743580853,0,14.4773362646412,50.1408893615007,0.0371632024180144,32.7254243333509
"17",65.1847823291023,0,21.3679189695991,475.066893501207,0.409545398550108,26.5596165288902
"18",57.4428652133337,0,20.3720559752091,730.90790794231,3.39374449825846,27.5148360540723
"19",69.0834372986822,1,21.4860496796024,609.057605266571,1.81413885578513,24.5121515746786
"20",71.4424896437577,0,20.3239321852717,260.037996340543,8.31333258398809,16.4845360190684
"21",68.2131021670871,0,16.4952210652725,180.191925726831,2.23370050708763,26.9443846548152
"22",60.8657735352551,0,16.8979005915929,625.210284022614,8.02823030948639,27.7465699952991
"23",60.8189268939715,0,25.2131610938191,903.385790064931,7.51085445075296,24.5158787437178
"24",86.6118225539878,1,15.8782407737198,146.993392379954,2.74226937862113,13.2803080788629
"25",65.6973449165751,0,14.359949037119,80.5412288755178,2.85833140835166,31.2038062545094
"26",70.6490711897582,1,20.8323939514646,619.630256434903,8.53012714418583,17.1385067014215
"27",90.9490971305693,1,21.6380634225096,626.049488550052,1.6828836563509,7.53032483633105
"28",62.5418036274358,0,16.803027475862,414.092116523534,2.12967610359192,29.3946236447113
"29",61.3162588014597,0,16.1367733138629,154.639613814652,8.5364402406849,26.5161803880435
"30",59.4613271879482,1,18.7751645508206,818.412463180721,4.55726897413842,28.9848023100663
"31",68.7647715984309,1,22.410892992194,724.11424620077,0.166734565515071,23.8873108886755
"32",70.9756130378769,1,22.5975387282308,784.613532479852,7.30812774994411,16.118169807116
"33",80.566830035698,0,13.6430333175377,32.8239782247692,2.9583253422752,15.4628632478059
"34",54.5504102581864,0,21.8083456042414,893.478417070583,2.38263768120669,34.5650522634497
"35",64.3759830579854,0,23.3213175212384,940.892381360754,2.64380538929254,23.8743037240743
"36",71.0860839331487,0,19.589236858865,519.659250508994,3.42700070072897,24.4376933325079
"37",72.7445639258831,1,20.339060134006,432.913147844374,7.20624497928657,21.8081782213362
"38",59.7852888055852,0,21.7762488999951,696.660647168756,8.83946555969305,25.1796897973388
"39",64.1316561642054,0,14.9043944494,95.2440248802304,6.09936899878085,27.7694641021672
"40",67.0951515132369,0,14.7668417096279,62.2603318188339,7.46981502883136,26.2090456090249
"41",59.3848777202544,0,20.2860721095838,831.343075726181,3.78254908905365,29.8738952446274
"42",71.235105172013,0,21.3647962475803,485.678915400058,7.1481821089983,19.866148091943
"43",61.17039941947,0,24.7290698624018,893.878761678934,1.0609089047648,30.4331548048975
"44",68.0607721650242,0,23.3226976864345,868.36159741506,1.39355613780208,23.6529184114988
"45",62.9708159969949,0,22.0727480398536,422.438013134524,4.55956557369791,27.8710609114516
"46",60.8994425049823,0,16.1245651851802,491.931306663901,1.71170171652921,33.0674526208456
"47",59.8811846561984,0,21.3710963821564,624.974731588736,8.22803290584125,22.6479380759964
"48",61.4835133316945,0,15.9109332068097,88.4994284715503,4.70938925351948,32.5350148058366
"49",67.8900411872186,1,22.5272457998842,726.596041815355,5.60458401404321,20.3173146570175
"50",78.5571539749017,1,16.563259056349,261.727808509022,5.24919949821196,21.6148875485193
"51",75.1864917577489,1,22.9403345163685,731.952690286562,0.707283771364018,21.1223523804597
"52",50.9041487674551,0,21.5196688186002,629.803777905181,8.70240504364483,35.7554326979825
"53",66.7192173177325,0,20.4428845632497,442.729730857536,2.19979491457343,25.5195994621406
"54",78.342636573945,1,14.8457955383182,176.031848415732,1.04305168543942,23.964320188164
"55",72.9453849591018,1,22.2170935345611,583.643444580957,1.80769696715288,25.5097777844341
"56",75.4840996281124,1,14.9498308504579,68.0995613802224,3.28719338472001,24.7060790802451
"57",62.5306358816435,0,24.1029085548345,888.6478994973,3.0551353180781,26.8732499680331
"58",72.3897338562667,1,19.7487611008451,414.274601731449,3.80530744395219,18.56226389986
"59",78.0673931034269,1,11.5055592770892,39.3658091779798,2.45074694557115,23.4710001882174
"60",63.349174082861,0,21.0580506746111,830.987087683752,2.40128200734034,26.8869085648613
"61",70.0983732060266,1,14.4183524178883,15.6165340449661,2.53988061938435,29.1207735348393
"62",86.2370764526305,1,18.6012981397813,344.792017480358,0.803782225353643,13.9494205345484
"63",73.0403056963461,1,16.0083733686989,301.231145160273,7.20362838800065,22.556750194948
"64",68.5290921641423,1,18.6697051407673,167.827948927879,6.87041527172551,26.1633570296052
"65",61.4771041311732,0,21.277675294448,624.882725067437,8.92082658573054,23.4914427107422
"66",55.5954832375248,0,23.1907756877329,902.888006297871,2.1087911312934,31.0179367007079
"67",81.6533218105038,1,16.1288854740025,4.74690622650087,2.64136371784844,17.9309157918573
"68",72.0924930857594,0,16.7254245936289,373.348138760775,1.92230390897021,21.9273350491607
"69",57.174625530477,0,23.1410417793449,624.962877715006,2.39958402863704,30.9462368718607
"70",55.6568344796392,0,25.6881536715591,966.458411421627,6.98300949437544,26.5730121498952
"71",78.7259221687549,1,19.5758904755481,402.078094426543,2.54749918472953,17.2890542268145
"72",65.1109961591997,0,14.9794839035807,119.2685989663,4.65348809282295,29.699769890661
"73",72.6814821642728,0,21.7364189942839,848.588269203901,2.22695323219523,20.9791763109535
"74",54.8153871571074,0,17.6708154071685,511.247031157836,6.18604607298039,35.2175784895434
"75",69.8779029105909,1,19.3561130760443,188.838798785582,6.25711448863149,25.7152018257542
"76",58.1497758699585,0,18.1764524427926,702.29743863456,7.4176439344883,25.8787325722107
"77",74.1543173602047,0,14.3129044050409,65.8120273146778,1.18128122552298,23.9480682361367
"78",69.656676017056,0,17.8175870803524,308.190571842715,2.82527058804408,24.5229718576464
"79",66.1165635002839,0,23.7940253038871,715.941016562283,4.56255827983841,26.4661507444842
"80",68.4277786698373,0,21.1576966793779,513.976894319057,5.57357068732381,23.4567836255855
"81",59.4475936401969,0,23.1379420552587,784.811100922525,8.84078100929037,17.5136590742899
"82",77.8758459025488,1,17.9804524023794,333.111664280295,7.37033377820626,14.4432548926498
"83",69.611084963916,1,18.9065002181414,216.432048473507,2.78629810363054,29.1916096920479
"84",77.4395094106218,0,16.8583994763967,323.942763730884,4.65491596679203,18.5458753963729
"85",75.4121750632927,1,15.3385613072444,80.2284679375589,1.66799008310772,23.866579330411
"86",56.7719714205802,0,21.7744471803273,788.627272704616,8.48705699038692,28.1205824010337
"87",64.9555893525336,0,15.5215597124668,171.34399432689,7.91081210668199,22.1606982180573
"88",69.8488036275789,0,14.233071177305,120.036697946489,1.22236152808182,26.2822425198515
"89",69.0753035546214,1,20.0431540446817,557.383780367672,0.651140214409679,25.6494740652294
"90",64.5251787679363,1,24.521651004931,927.518090931699,2.94137898436747,22.5116438615678
"91",68.0911434924045,1,19.4871971652793,370.777579024434,4.68341360148042,26.3150366954328
"92",60.0188708728639,0,14.423586920625,181.185600580648,7.51597057795152,31.8461619133594
"93",73.0445606911544,1,14.6402487356238,197.139259194955,0.327469044132158,29.6301376121454
"94",70.4948483913441,1,17.1806848897987,284.547051414847,6.51005624723621,20.4554248604477
"95",52.0378017943833,0,22.86423724939,989.452004432678,6.42239086283371,29.2377624360324
"96",66.3596986623134,0,14.7034972174417,299.237244063988,3.90580353140831,26.8779993987099
"97",77.6542004305263,0,13.5202067786716,44.5099328644574,1.40099783241749,21.8098600454532
"98",73.8147927235169,1,13.2549180643572,77.0706459879875,8.37885577348061,21.9021893025693
"99",58.1131708274635,0,20.6484565932547,662.439448060468,6.33871915354393,27.9558889794241
"100",61.1722354763106,0,26.8760325568286,915.628654649481,0.420061636017635,31.1209594632801
"101",63.3832722718993,1,24.4271691317264,682.009872747585,8.01044638361782,25.4465700439855
"102",73.1106750029203,0,16.1595055666074,168.418776709586,3.74183838861063,23.1771201669465
"103",63.1961488211115,0,23.3335085401836,715.752271935344,2.53464823728427,24.6033463678269
"104",73.9670774508911,1,22.2725386394962,710.172639926895,3.8361845605541,19.5881927450513
"105",67.889008014195,1,17.3715879576963,25.9503650013357,5.08117189630866,30.5285882084022
"106",74.8301126334742,1,21.2137697525732,425.290009472519,4.12791217002086,16.9458637986963
"107",73.0883886847963,1,15.7016312728392,139.917323831469,7.55506938602775,24.8723961063782
"108",69.6238656313204,0,16.4353718310637,198.654199950397,5.64598384313285,22.2993159844341
"109",74.167165920046,1,22.4491060692799,620.346027193591,0.57315665949136,21.0586383299278
"110",61.0068390461458,0,23.446463467277,728.547271806747,0.356580401770771,31.0338024263062
"111",58.8351958909732,0,26.7075966902733,937.915722373873,4.16522442363203,27.1661058204304
"112",64.9541504957943,0,21.0149979172669,664.367298828438,7.28439561906271,23.3763662706677
"113",71.961488366873,1,25.3625303044739,973.624780541286,1.50882318383083,18.2415675207339
"114",62.0071013907784,0,19.4316825138002,588.630159385502,1.19673882750794,28.4526770630329
"115",68.7325740144182,0,20.258052465287,443.515598308295,6.19633017992601,23.5322376899535
"116",64.1497578689342,0,24.5062954508438,960.260605672374,1.38720768433996,21.6597905011156
"117",67.2968232328316,0,17.6917200791384,10.5145098641515,4.32359111309052,28.5825517430668
"118",66.2942258444768,0,17.4431442174541,562.259033322334,3.11237257509492,25.8899190359444
"119",73.350101140457,1,22.7121848319458,537.493828916922,1.23335445486009,18.9313816858827
"120",81.5798436462835,1,16.5875329096968,161.132008302957,4.46088313939981,16.2001479125058
"121",65.4541738928451,0,19.8809372463937,276.457682950422,5.84673933614977,24.5713766249091
"122",64.5013051400906,0,21.4378554957289,637.381411390379,5.75807644659653,20.3780031111854
"123",71.1209903218278,1,17.0680618868381,408.998753409833,8.28145457385108,19.8636295867524
"124",74.4000025750321,1,20.2105088258562,421.302538365126,0.589062240673229,21.9825358804615
"125",65.1910758849851,0,24.548581652298,875.933947274461,6.26802702248096,21.9819385942648
"126",58.9328672049031,0,21.0514296296145,723.796548321843,5.38486047112383,30.9656343207801
"127",67.0266976104808,0,16.8158238735952,89.5470783580095,6.88099603098817,27.2884586176221
"128",59.9583551960027,0,22.4724499561987,879.819652531296,8.01871462608688,24.3191713288592
"129",62.977177341347,0,13.4265636411886,42.4732342362404,6.30938844988123,27.4832851876759
"130",66.337520508789,1,21.9413847093549,584.505540784448,6.35569045809098,21.1233019981125
"131",75.1565016878435,1,20.6039304519001,278.939107665792,7.11360786273144,15.5948508109569
"132",56.4741459916625,0,22.2272173085078,946.778004523367,4.10231860075146,31.1229458780177
"133",66.4568921248249,0,29.1141299047605,968.112406088039,1.4119442102965,24.7619501636623
"134",60.056064052104,0,21.7026060288279,832.629851996899,5.11840112088248,31.0874565897718
"135",72.9053661475749,1,18.2372710089853,426.238760352135,0.175386988325045,25.7281093892685
"136",71.8484762920697,1,23.1478022449296,512.543606339023,7.500455415342,18.6349265329455
"137",59.7751313810146,0,19.5338471662354,448.508421890438,7.44395407056436,31.218878656554
"138",59.1612830512805,0,20.6363241100279,866.036541992798,3.27882210980169,29.9716051833844
"139",75.2311401987164,1,11.8755787020083,4.47015510872006,8.47448790119961,21.4769708159613
"140",63.5799464262841,0,19.0090619185242,616.9124096632,8.88949736813083,25.5567598808065
"141",72.0874889030927,1,18.78233106334,217.367901233956,7.58903850708157,20.5067995022799
"142",75.5976062824215,0,19.8569848517765,270.557866897434,0.628392567392439,20.780358085928
"143",64.0804077932477,0,19.3317749048465,750.646236585453,3.90806116349995,24.9952661361654
"144",59.7548346961215,0,17.0675995480315,652.876778505743,8.09615308488719,27.559790087487
"145",63.0598089066885,0,22.2977754128938,514.5652173087,6.61209740652703,26.2839904291507
"146",59.2716135487322,0,18.8709874237557,483.532718382776,0.529246854828671,33.7524457816407
"147",65.5689068425397,0,20.9008748149724,758.299763314426,4.37378215463832,24.7322571961392
"148",75.1922653436503,1,21.0408490984191,583.360293647274,6.97029643971473,15.4601903600439
"149",73.2259870495292,1,18.6578101631057,389.846029458568,2.72731816512533,23.8080946383052
"150",69.4046295953085,1,20.5874518175222,442.456580465659,3.77473637787625,24.0702872736359
"151",65.6100330871904,1,20.2954894586732,469.808601541445,8.31268763216212,29.1433115185076
"152",70.4261705088867,0,21.5948137599226,588.700617896393,4.22657332895324,23.9253887540009
"153",63.683346298713,0,23.2931454211257,766.464855521917,8.7537715297658,21.1986181443482
"154",67.8593573463605,0,16.1813852897034,66.1489183548838,2.43263255688362,29.9110546725518
"155",71.407908873509,0,13.4404601794517,88.9982669614255,0.212972452165559,30.2205368568483
"156",63.243138134208,0,21.9912322490296,567.707520443946,3.70202147145756,29.7364775382727
"157",70.5312450019346,0,18.9033139153764,113.330623600632,3.03234419203363,26.9751923692015
"158",78.2570947801542,1,16.1224245876044,232.055353233591,3.53786871233024,18.1537977662506
"159",62.287697212932,0,19.5522966748372,573.604828910902,7.09344649175182,22.6334888403683
"160",68.9918835007149,0,15.8940238546723,13.7081383727491,5.91479504853487,25.3117764239013
"161",71.5005316040035,1,17.6258290858984,783.025559969246,4.11447378317825,18.6278513370433
"162",63.1033841324266,0,18.06377705979,354.056800948456,5.16349801886827,23.5332154075673
"163",65.3644719625071,0,16.8878958237728,150.596868246794,2.1721783624962,32.436541392564
"164",62.141072761351,0,17.0415568582164,5.12872217223048,3.67721119732596,28.1065825348328
"165",78.9839675224521,0,17.9984896208642,499.773811781779,0.0790367997251451,18.3433166948104
"166",66.8895576799645,1,18.8651987785439,581.782858818769,5.30761936632916,22.1178004437931
"167",74.6005904204023,1,17.4732806136867,252.725099679083,4.78589402069338,21.7711715300705
"168",79.7361301717884,1,17.4648729343507,254.304284928367,3.57161793415435,17.1463664077484
"169",79.9199117509727,1,23.0066784406293,838.973376899958,0.372243693564087,18.5208900688267
"170",62.5769800855431,0,24.0332693176859,791.302981553599,1.32633823016658,28.1321045881515
"171",67.9367650521931,1,13.1129425815708,116.550750099123,2.36632138886489,31.7275471684178
"172",62.2945234305916,0,17.013494875373,464.154960587621,5.03416591091082,24.5228750682688
"173",65.4283955026797,0,22.3551998928156,750.16603898257,5.15692404401489,19.4755649540811
"174",75.0476143918558,1,19.613303998357,422.39878536202,1.87905493145809,26.0101598803719
"175",62.2576686684339,0,14.7501133534571,48.2270575594157,3.56879959255457,36.2578122108505
"176",68.6829666055885,0,19.5023075220267,273.634707322344,8.75082210986875,23.8333883424942
"177",49.7967510303511,0,25.908665601439,709.004249656573,6.41895314259455,36.4463129045627
"178",53.5780406480769,0,22.6715840260938,682.403682731092,6.98566931951791,30.8597937905246
"179",69.737334154609,1,16.8544714298237,516.197582706809,5.311577324057,26.3945163974501
"180",69.8568421514299,1,23.7725583005671,767.665512161329,4.83984041679651,24.1435546006039
"181",63.4727762076453,1,16.2186817826952,247.578868409619,0.0119351700413972,33.8354981119196
"182",75.4645949782324,1,18.2019720421775,442.695908714086,1.66175313410349,20.805168205726
"183",66.7513732222708,0,21.4469404749439,478.241360047832,4.88573079393245,23.4572485951212
"184",72.5086210803916,0,18.5165170625965,318.091553868726,3.233542509377,21.0355144846775
"185",64.5413863040586,0,20.6916598149581,665.255719097331,3.00156207382679,27.1372954639381
"186",68.8834237570655,0,22.6484965229628,721.723105758429,2.53452427941374,22.9110566008376
"187",63.1903583714764,0,21.1124188393758,633.80047515966,4.74507211754099,26.1851836636129
"188",75.7497955127838,1,20.2767429746936,440.472959075123,1.21820496115834,23.0828270385637
"189",77.7012262647206,1,17.4877968907687,76.9788008183241,0.735652316361666,21.9783266043298
"190",57.5280749686811,0,21.3857258323077,736.765387700871,8.0268820845522,26.5055080572244
"191",54.222982387118,0,21.9746250926499,597.615105099976,7.80945368902758,28.1721167721142
"192",62.4836391798927,0,25.518830670808,897.664360236377,3.69196748966351,23.6751596265129
"193",82.0257703939083,1,23.4335163155469,265.442926436663,2.36602676915936,16.8003120404728
"194",75.4421938635145,0,13.3058138890186,44.8567715939134,2.28694208571687,23.3163086806933
"195",54.6138247587962,0,23.1455152989733,738.997986773029,3.65200284146704,34.4367746363501
"196",68.9092500958682,1,16.6855062118396,341.517301043496,7.44735346664675,22.0869370344968
"197",60.2387873987986,0,18.337944677921,436.539354035631,5.49291862780228,27.9379920445308
"198",73.1479993949812,0,19.6353522525904,119.656717870384,1.59140280238353,21.3994978991034
"199",69.656227946332,1,18.2779399433038,28.3040588255972,8.66171363415197,26.4712974509306
"200",58.9871041150151,0,17.9620915583928,307.665432104841,5.21703361789696,29.0981147623054
"201",67.8277392807938,0,19.8232383848688,418.517917627469,4.39736185222864,21.0098028077023
"202",70.7418006423679,0,17.258899204644,694.326901109889,0.791896498063579,22.4287042789077
"203",59.7106097935571,0,19.6418848085254,533.924869261682,2.66323231696151,30.4951757855969
"204",67.0337014857722,0,17.991292327784,454.276210162789,5.66533325705677,26.6392235345798
"205",59.652206492017,0,15.5221386762944,158.506732899696,7.82721022493206,31.2233180951519
"206",71.4383311406324,1,22.7681441243726,760.53937477991,3.38627967378125,22.9870821073874
"207",63.9278501459188,0,19.7856949377166,512.192280497402,1.91668476071209,28.591047529982
"208",64.3266838093335,0,15.9962312650149,347.251279978082,3.10761941154487,29.4360951915119
"209",65.5843678298389,1,16.8651477510634,247.105681104586,5.42918385355733,29.1983735190553
"210",58.8827145637295,0,19.7558183232393,240.712946280837,2.10920275817625,36.9707164125224
"211",75.029109630712,1,12.1379921947227,61.4827808458358,5.11802797322161,19.7706561402546
"212",62.4653780663753,1,20.235861008896,277.857520384714,7.70820618700236,26.5010299811978
"213",73.6726341481085,1,24.4752485328295,954.410982318223,1.69008211232722,20.3502673013035
"214",68.0804381277708,0,18.9852050019283,384.507660288364,1.14022746845149,27.4688821862246
"215",69.4745282376214,1,19.6895626449288,418.965175980702,1.8525864968542,26.1182456067727
"216",68.6357113901612,0,21.4595410145965,599.191734567285,3.41492215194739,22.6133400577397
"217",63.7927314664577,0,23.8415734825122,876.917491434142,3.80267263669521,22.0580797432708
"218",69.4325273376665,1,14.9349525253664,252.830232260749,6.29623764404096,24.48341705759
"219",60.6218977808127,0,20.2282031767608,152.174750808626,8.59431405924261,32.3696591013041
"220",75.9430104127702,1,16.1051961196618,237.259831978008,0.012018115259707,25.8275226743733
"221",69.2016360432488,0,23.3184734776583,776.724677532911,0.168420671252534,22.080047774213
"222",56.3992447124806,0,26.9550927749032,895.70795209147,7.22394170193002,25.1822206988318
"223",66.2420273454242,0,23.4218619606562,757.558059180155,0.296919364482164,28.4953454996264
"224",73.7438475966503,1,18.1562687801164,413.945356151089,4.2293915762566,17.063254630241
"225",53.2812655787421,0,17.8763706979291,533.603940624744,8.89098036149517,31.3134744695153
"226",71.9671280607729,1,20.7811101846229,439.5102316048,1.10725041897967,24.3678714353276
"227",63.2688189483246,0,20.6156477680971,618.515650276095,1.11022181413136,27.4665346537003
"228",69.6114990288472,0,12.5529164833623,138.486451469362,3.18238326790743,29.0477131971289
"229",80.2682932256325,1,16.6113448372442,73.4231958631426,4.79869779269211,18.5776006175217
"230",73.829880401075,1,17.3835859352503,171.938142040744,2.43992559006438,23.9382061225673
"231",64.0409866403708,0,21.4500999148793,353.524097474292,4.88939425977878,23.6466154189641
"232",76.2639431482639,0,17.2631743441109,238.805499393493,3.05942014907487,20.3029863290546
"233",68.0911666254762,0,16.6606600167827,418.686922639608,2.58663218887523,24.7662412620638
"234",80.6308874844188,1,22.3150130804695,526.428985409439,0.131192576140165,18.5831515684646
"235",68.3109113108541,1,16.7793078154603,432.512026512995,3.39170103846118,26.1263633832824
"236",61.8884590645757,0,17.9406915553603,259.01309819892,8.51224940386601,25.9076223186011
"237",71.29635017514,1,16.7121957772919,259.190716780722,1.18848055321723,24.6175004608946
"238",65.1438558959756,0,25.6908014519272,928.800926776603,2.34272231650539,24.0593721184685
"239",74.4161668545436,0,21.9395020403975,481.408031191677,4.3993288774509,21.0041918993736
"240",72.0427649572709,0,17.077608538176,12.7329733222723,3.22192542208359,26.7306118804349
"241",81.4290888150051,1,15.7320798469224,304.188658017665,5.27991548529826,10.5467753434028
"242",58.5461504739884,0,20.1855969520093,717.367987846956,2.28089183522388,32.5976983533413
"243",64.8327991914052,0,19.2026915577528,274.363219970837,0.455758248455822,31.5960122488628
"244",65.1840745001142,0,15.8999441369591,227.272320538759,5.04157252516598,28.479660967418
"245",55.7427299673029,0,26.3739339948441,883.928324794397,8.67295984947123,28.9493228367077
"246",67.2662291927224,1,20.9680112389681,426.682541379705,4.81254358193837,22.3948177965428
"247",61.8366028240168,0,19.7841460027122,673.406677786261,8.0378324626945,23.3060755902445
"248",70.7883690017865,0,21.9775467438873,636.93529763259,0.823808574350551,25.2563114532052
"249",62.1056275948037,0,19.691616489138,339.124500518665,4.91252160281874,29.5757524561917
"250",54.8808082624354,0,22.6587634216514,975.821918109432,8.87679277081043,27.4054381115718
"251",64.2887281666741,1,21.4635195229593,646.576594561338,5.53199089248665,24.7913200783515
"252",58.0469376815227,0,17.8328189924102,789.89714034833,3.67725509544834,25.9577758376257
"253",70.3871448579984,1,14.8711728261926,75.821160338819,5.36462012585253,28.0101848976691
"254",66.1220519401925,0,21.1245776110302,744.44605410099,0.932891139993444,27.5632799771093
"255",65.9855910150957,0,23.7899989108243,622.180544072762,0.102607616689056,30.6889250575037
"256",79.6234270794473,1,16.2311607540296,151.086600963026,2.21526170312427,21.4799053016355
"257",59.6980405236171,0,22.1169413429312,846.519870683551,3.45659211091697,26.3083523283809
"258",66.6440097077898,0,22.6278586014158,827.095622895285,6.78559298277833,17.8457576485751
"259",81.2695247634124,1,20.6868356497344,730.018788017333,2.55319941113703,14.6084422971733
"260",73.5187264420784,1,20.1660490042937,467.369185294956,0.562289226567373,21.0052533341921
"261",73.1126204195052,0,21.1110825995556,197.925794869661,1.55325669818558,27.1180622936158
"262",81.4732497019255,1,14.8289587703145,61.1204877495766,5.81166369700804,17.1197468742293
"263",52.4507161761596,0,17.9344982885314,414.965548785403,7.24046947178431,34.0404570279563
"264",70.1411631208414,0,19.8907055151828,139.724483713508,5.09622491640039,24.2753578249152
"265",70.8442514857056,1,14.2997285595576,81.6956062335521,3.79218601039611,23.5841212087922
"266",72.9864865774311,0,25.4695048452853,962.264640489593,5.3593831860926,14.0525388961394
"267",76.4438112908297,1,16.5826124986722,286.884312983602,5.20449625421315,20.6817286891006
"268",70.787203237577,0,19.7003712294837,383.433386450633,2.82778971665539,23.886121779936
"269",65.0993105093405,1,22.4670283030544,985.28394009918,7.464101286605,22.3533480373125
"270",56.9885460818828,0,19.4367140304991,702.312134904787,2.90281283576041,34.8249930759252
"271",66.4552837633526,0,22.0386985548405,795.131080551073,0.94320219475776,26.775076711479
"272",56.2631344453442,0,21.7720259496561,559.345326852053,6.32959951716475,30.5983425423835
"273",70.5951377544648,1,17.7483634042126,242.186070652679,4.89309973153286,25.7213105983081
"274",62.1493137267097,0,19.2268293550137,411.126328632236,4.66648026485927,28.2946978721977
"275",70.3914335546983,1,13.4298754022775,53.9551125839353,6.30036301142536,27.4910264680881
"276",58.5333859018001,0,23.0809582092602,658.691955730319,2.98504130076617,30.8144868373865
"277",71.2875667888791,1,25.0616805510816,911.961788544431,2.22651043091901,22.485898088375
"278",78.0409132915369,1,17.9804544476712,439.085483783856,4.39239961467683,15.4259995073166
"279",71.607831665807,1,20.1120881896054,311.279120389372,1.25799428299069,26.2919857799783
"280",58.3339000382496,1,18.7949409188533,122.233834816143,7.61588101135567,31.0820300011466
"281",57.3206648070821,0,22.1493051490391,667.139001423493,1.56078536761925,32.3237117244323
"282",53.4633942640363,0,17.2246870310369,428.310316521674,8.76783734816127,32.1258944568834
"283",55.891204468421,0,22.7543718966555,287.325177108869,8.97104382072575,29.1324266022888
"284",55.8969430146756,0,20.4626261597788,321.790932212025,6.53662703325972,35.7994660454361
"285",66.3471066874551,0,22.1574090253856,506.325818831101,5.8269491053652,25.8712056803863
"286",70.9098306259761,0,16.9415315351385,170.249245362356,1.51811720989645,24.6054516096864
"287",64.3334778852519,0,21.6132756598578,587.782335467637,4.54521819879301,24.8848563000712
"288",77.7959790837431,1,17.3236648904749,338.399314088747,2.39715251605958,22.1462550992436
"289",86.1632466586151,1,20.1471736263875,412.129945354536,0.936265201773494,13.9095624915201
"290",64.8759184232544,0,21.6466389885049,790.174989961088,6.07101154094562,22.8071187949132
"291",71.3729579895744,0,20.8600482092,643.547065323219,1.99860971490853,21.8273622571564
"292",62.7873179184138,0,14.7750251215766,25.5761062726378,7.89446985977702,28.014077939225
"293",82.6217297224194,0,15.1845310958164,171.843349467963,1.94330366724171,15.4749711390985
"294",67.0005141270192,1,22.1390115647313,573.94015067257,8.52432606462389,21.2720122155364
"295",69.8026517203858,1,22.1292174336416,575.957237044349,5.53621707949787,22.7348304221496
"296",65.317551277846,0,22.292588335101,729.754777858034,3.69375534541905,27.1919970609649
"297",68.0499401921156,1,17.9176848758441,371.889226604253,1.37636672565714,26.8203506886373
"298",71.6999734779783,1,16.4541436904138,244.943325407803,3.61582012055442,25.5154614415279
"299",57.7201615848932,0,21.0485031599071,959.804160753265,3.31800530268811,29.5965398137436
"300",73.3222679379515,1,23.6728366680835,732.412185985595,6.70303332153708,15.6950404970205
"301",70.3206972969857,1,17.2485502710999,220.37536627613,4.82549325772561,21.1995761061911
"302",66.5523980430781,0,21.1602731222109,637.224192032591,4.42840041685849,24.8589954341692
"303",56.989277426228,0,20.4306565303794,720.840411260724,5.32173188449815,31.2574215486037
"304",60.9200151678329,0,23.3027133608646,880.923703080043,0.252539089880884,31.3773416345525
"305",76.2504634310857,1,15.0251747010534,159.648114116862,7.51014906330965,17.1158927709953
"306",80.5589140359734,1,22.1360394021391,452.376686036587,4.48264254117385,16.5169483419081
"307",56.0037595740324,0,23.6575909921643,974.005254218355,5.58390850760043,27.0756860705614
"308",74.7542866001632,1,20.234891333427,471.746288239956,4.75102427462116,18.165172706917
"309",65.6720466616875,1,16.0515684897068,230.893771164119,8.86717726103961,29.0389151252295
"310",65.422288615077,0,14.4797769416123,164.526157546788,5.2818465102464,29.9000663014162
"311",65.5046886659592,0,20.8927398410236,575.365280965343,2.10011853952892,28.3606468082379
"312",71.2821626686641,0,16.3240880931581,16.5832352358848,5.63347520213574,20.4189001698873
"313",76.5844963475956,1,16.4354678345316,22.2735663410276,0.724861762253568,24.7060453601491
"314",60.3865251630053,0,21.994579497252,740.077511407435,4.08719038241543,27.6372324232558
"315",57.2623192072109,0,19.8485884054566,392.210711026564,0.510498687392101,35.64408034032
"316",63.3599711969689,0,14.1826385791793,237.286885036156,6.7574953995645,28.5493969831573
"317",81.9596410520824,1,17.4877470465174,152.533207088709,5.21678918064572,14.3280027756127
"318",69.4805506840582,1,19.845300650866,435.372101841494,7.60984617099166,22.8629371701444
"319",50.4831476460009,0,24.7943967065022,589.44870880805,7.63834463758394,32.1815021757887
"320",59.610390992901,1,22.4888878615188,860.55947188288,7.47246718662791,26.8712834380614
"321",67.3022878222011,1,15.2944626854411,89.328093919903,5.01149949710816,29.5586661631311
"322",71.0247820237411,1,21.4457854651419,409.539069514722,2.72675833152607,23.8992132125826
"323",59.8722641698816,0,18.29645063819,357.566311489791,4.48689354700036,29.3870041488177
"324",75.2451847978169,1,27.3728685186232,912.636660970747,4.03235231945291,18.6104032178057
"325",56.3113425692791,0,24.1153929772089,703.893367666751,6.72693297732621,26.6870857696767
"326",64.460411813329,0,18.4294794594558,294.827654259279,2.35950545780361,29.7467720983732
"327",63.0616518951579,0,20.8552246009387,452.915384899825,6.93212972441688,23.5952930911829
"328",64.2263549783518,0,22.3104241512579,824.176667723805,6.80868948670104,18.8244271685003
"329",77.164831704645,1,20.4043853169386,546.867405762896,3.64069324219599,17.2833505859112
"330",67.5674743135399,0,17.7056471429724,462.663720594719,1.29754800628871,24.9781812247851
"331",58.0579994320207,0,20.5515642776887,495.695134159178,7.15548845054582,29.1132209094252
"332",70.4928165491328,1,23.1275541419504,784.416900016367,2.21191868581809,21.0598297992769
"333",68.517932626259,1,14.8604581345438,86.6295546293259,5.85856746300124,26.9577208739181
"334",61.2804592816132,0,21.0542381368033,266.725749708712,7.53649604832754,26.2650900025031
"335",71.5029477757928,1,17.1234976302887,491.919859545305,7.84438663674518,19.9702199900409
"336",62.7341750944662,0,23.3993776065547,852.235378464684,4.52631977736019,26.302507111652
"337",69.0184420969257,0,19.6260613246515,466.032984200865,3.25332107045688,24.9754821732897
"338",53.6641455796824,0,14.1944763444977,121.358235133812,5.31247581169009,38.6776070618465
"339",64.6976661429761,1,22.0138189608884,324.181669624522,3.68238226370886,27.0397130897707
"340",76.0243745790386,1,17.8981878515894,256.338525563478,8.18233954743482,20.0996756358333
"341",72.6889634995895,1,20.7935292158281,335.862309671938,3.034412791254,23.9059367910311
"342",67.2624270650022,0,25.9734170721658,865.553122013807,3.46178277838044,22.4379447398054
"343",66.1045234229762,1,15.9384877242027,196.266673970968,8.60177916870452,30.0398237080957
"344",76.7089021397458,1,15.7734070048563,509.422278031707,6.18520373781212,17.0740186849159
"345",59.2401283169304,0,21.6724752997838,295.184161281213,5.18152808141895,35.7128814860932
"346",68.1342200336693,1,16.5037811389102,285.763327265158,7.46312821889296,22.9637787308177
"347",70.6687805031831,1,18.8088931179231,334.62895732373,0.694005862344056,25.3535865264565
"348",70.0484925790071,1,23.551643673246,410.286942729726,4.81335376831703,24.0330076111754
"349",72.5679411340567,0,16.4359933250508,121.492798672989,0.693264424335212,21.0270726674736
"350",78.8116650699103,1,21.2793164813022,577.094256179407,0.840059213340282,19.1271251130838
"351",67.2396158317841,0,19.7597512402538,769.354136427864,1.40258981357329,25.2573673677133
"352",73.8178142828965,1,18.1101200810668,21.9040315132588,5.2024973819498,26.2608756577732
"353",70.4881601800377,1,24.5230762996072,646.677908254787,1.69788808445446,24.1734371481386
"354",81.7510308527396,1,18.325260828519,34.4642619602382,1.96376059250906,16.955840252831
"355",74.7507213849405,1,16.3146362797338,170.640743803233,6.94012843840756,19.3272422370709
"356",61.4596024434037,0,20.35810295785,383.344300324097,7.4383826488629,26.1281912544381
"357",66.5205474185298,1,19.4015103230231,275.394479278475,7.23737708595581,26.075073789311
"358",70.5648511574572,1,15.8719342306504,103.04493852891,8.31761019816622,23.059749688389
"359",74.1835710422176,1,22.1454252603539,563.896697945893,3.37948297918774,20.6891564855255
"360",63.4843156997362,0,19.6639261446469,215.560853714123,7.44237491372041,27.4205772108201
"361",60.8097640040349,0,21.8628947896646,601.69241274707,8.56042523263022,25.3010914538926
"362",80.1403586280641,1,19.2073812001088,270.386485615745,3.52385544218123,15.9519867904376
"363",68.2944141516576,1,22.6786422989916,843.151435256004,6.2711921359878,18.4799717917951
"364",77.5988927029381,1,19.4310856050915,439.765691757202,2.42450712947175,19.9346990223195
"365",85.1692470049895,1,15.2929241714148,81.6073608584702,8.49495931249112,11.6625377331994
"366",71.1166457991139,1,15.57453987492,143.006617203355,2.06034273141995,30.7309262030058
"367",72.6568408591609,1,24.2622253726039,804.149300325662,0.157648890512064,22.9343179206751
"368",55.1767839025594,0,23.5496085637976,942.92037631385,7.27931118174456,24.1651613063244
"369",59.5115814101367,0,19.6053334710091,177.147118141875,6.82879694108851,30.4433958666961
"370",69.3279527913786,0,25.2100361060485,926.833010045812,2.1075373494532,20.5337411104688
"371",73.5012957523399,1,18.9658483513277,388.822790468112,0.58998364652507,23.9259447471569
"372",66.2381816413086,1,14.6964715495022,74.2870487738401,3.75576470908709,31.3904994737366
"373",73.0166020143475,1,18.5371910557426,101.341095054522,3.30801316467114,23.2743098058896
"374",55.9071252369297,0,23.1088078408599,971.345560858026,5.53514846437611,31.2546591105995
"375",51.4286962375538,0,22.1775580057663,458.215527236462,8.99282322800718,32.9387741789072
"376",69.9564873735018,0,24.7181532867204,849.340204615146,5.91149388207123,20.348557626565
"377",71.6177347388521,1,14.022547269697,109.700033441186,4.04561492730863,24.787045589605
"378",69.9233186347471,0,14.8731114480348,83.5942444391549,8.77898208168335,25.3654921443998
"379",75.1424082035112,1,15.5263787311372,174.298932310194,1.39889073930681,25.8614382297062
"380",76.5953553148648,1,18.3136868597495,129.854321246967,7.44989308901131,18.4235254693113
"381",69.9750007636924,0,18.2966640942131,434.427601983771,1.11019859625958,29.9723949372962
"382",58.8393568866103,0,19.2236458982951,492.45139490813,8.48221076675691,27.3603371620303
"383",69.0496042131215,0,15.5510937723113,94.8489317670465,8.81901210034266,24.8464801411046
"384",74.5553052394214,1,18.3003334565124,448.051341576502,7.01657265680842,19.266751353142
"385",59.4829136731105,0,25.3007928975222,816.088421270251,8.72278055967763,23.8639307454922
"386",56.3643816551737,0,23.1758519177465,716.237406479195,8.44874800485559,25.7713263591546
"387",60.4259133992087,0,22.9722980217246,697.695326525718,0.848610458197072,32.3831694926031
"388",57.1548971761225,0,21.3599929916686,654.240909731016,8.9385937792249,26.460995556958
"389",74.1464705307755,1,16.6245395682518,220.959242898971,5.78612417844124,22.5671287470688
"390",53.1089048761683,0,26.9749756210756,939.886301290244,6.36036026151851,32.5986671281875
"391",54.4501929410085,0,23.8366456876128,948.548503452912,7.81159356585704,27.5518684006795
"392",76.1634288903299,1,17.9823078723998,344.66848266311,6.29511565505527,18.4985460445878
"393",71.0883481042653,1,21.2927891541474,730.533905560151,4.87695348705165,22.1746817932878
"394",71.3035884556751,0,21.6442774977282,545.934813795611,6.93034865381196,16.7425562003352
"395",75.1090653201476,0,19.6185737931803,327.756609302014,5.23187538259663,18.6040310245255
"396",73.2764245459503,1,25.980032514748,781.200109049678,5.25179594149813,13.678815440814
"397",66.8975003279835,0,16.4362779275588,552.390210796148,5.17846935312264,19.6079804170331
"398",50.3388740082995,0,20.7666426178174,970.901672029868,8.3622634713538,32.3423000510219
"399",63.1572416136675,0,28.962158384015,985.230054240674,5.78744527534582,21.7498730628642
"400",60.3842033537595,0,17.5579529052386,263.145615812391,6.29018125380389,26.1911597387428
"401",62.0823728857906,0,24.0978706032408,925.976136233658,4.04069026792422,24.0185070473278
"402",60.9713764076084,0,22.5381710586946,590.125858550891,4.25208712765016,29.4765375945261
"403",54.1597923141312,0,21.6707081302403,946.806157240644,8.76057628565468,25.6543970248857
"404",65.2785789003897,0,19.6552282689968,127.309337956831,1.92348235216923,29.6871573682514
"405",58.8980294182375,0,25.0994358225279,740.38188252598,5.84602518961765,29.2440307502868
"406",67.883699248988,0,15.9229560188702,289.914866909385,4.25034489459358,23.1949608014759
"407",54.4881823467714,0,9.84942027746641,91.8172739911824,8.19387476448901,34.6129156956983
"408",78.5797194228305,1,21.9112636991497,641.269400948659,1.21539888856933,16.6013040384275
"409",67.3118040472505,0,16.4367298894522,88.5642524808645,1.89081183518283,27.4728161561467
"410",62.1283962433862,0,20.9369434738083,361.787251662463,6.92446211236529,28.8231249749311
"411",63.9582545360366,0,13.5064463400558,69.7027342393994,4.99519239552319,31.6123424005961
"412",65.8958523025276,0,23.5188323755851,489.846948068589,8.11893961345777,22.0189223127718
"413",62.2319523127025,0,22.5518783052172,882.719898363575,5.20050850929692,26.554343522415
"414",56.8543780937603,0,24.0506847712421,935.116675216705,4.75551149924286,26.3889922906664
"415",62.8852353739681,0,16.3906713452161,706.997144967318,4.28987571853213,27.1140909748103
"416",83.6092105474955,1,19.9376464356578,163.816234329715,0.066336921416223,18.574357807855
"417",62.7060815772793,0,18.8032212183919,29.5925356913358,8.65110839973204,30.3317867177298
"418",59.8520556214061,0,19.9433608521921,795.486918883398,6.28538725571707,26.0331586794624
"419",68.7400452309299,1,24.011111807638,805.053618038073,0.376346941106021,29.9374706994472
"420",63.9516394929452,0,22.1329364832875,434.802729170769,7.22386914608069,25.7803280608206
"421",62.6902168791072,0,17.0729364683702,509.965859120712,7.87155540240929,22.4156547959285
"422",77.1169982184786,1,19.197707980926,491.322989808396,1.86593708535656,23.3591841841211
"423",62.3488180950643,0,27.1735520106714,897.210458759218,1.63999464176595,24.9086940016751
"424",69.5717761836826,0,18.7451517318626,119.42726210691,8.20935097848997,21.1794418516862
"425",76.6864606729976,0,16.6498730400546,89.0667364001274,1.85545157804154,18.8176225357654
"426",71.6665410281064,1,21.501511870568,580.167100066319,3.40899251075462,24.1387542800036
"427",68.3078690250536,0,23.9074974463929,914.429099066183,0.332950777374208,22.9982092034877
"428",72.2349171495915,1,17.3415655701,254.085090011358,6.59441333007999,21.8419236950676
"429",70.0530742529034,1,22.6454625760377,750.184053787962,3.53642221377231,23.9259831683251
"430",65.6936408411188,0,16.8421483442051,322.836924809963,4.67033750144765,25.3840897800451
"431",64.574378598227,0,17.405493542946,244.754677871242,5.41100101405755,25.2652778587472
"432",80.0712549087403,1,14.2439358162505,210.544243454933,5.64215008425526,13.5440407926584
"433",73.6132262062651,0,16.9719338593643,264.907211065292,0.506052544573322,24.4084669744592
"434",68.5474414673453,0,17.2312038192558,94.9122523888946,6.19029685249552,25.7498305196635
"435",75.9536836615737,1,17.3623694748894,642.147758509964,3.50588672049344,14.7806621086351
"436",73.2749079343474,0,19.5965319526984,565.022346097976,1.09045418095775,20.9711937206171
"437",59.1047725815991,0,15.1646522578216,432.947159744799,7.54592441115528,27.7285974590527
"438",78.4552515994722,1,20.6717823595096,239.682111889124,2.16933855903335,21.4706797392043
"439",55.4359344532082,0,26.6987522364776,894.90281837061,6.02711939695291,27.4840059712216
"440",64.9821809461729,0,21.1834776984271,412.944721756503,5.87807135749608,23.6246738746437
"441",59.4218623153898,0,19.1759372239018,607.004816876724,6.266183456406,26.0843148031362
"442",79.6113006079392,1,18.6103422734117,336.103740613908,0.862553427228704,20.7167127968539
"443",67.380785338595,0,23.2159299163306,988.95816039294,0.757910845801234,23.4876833534485
"444",66.5206080442895,0,20.0684037592564,261.693716049194,0.954353696666658,28.295726196316
"445",75.048003114598,1,18.7409423463796,508.517675567418,7.68442960479297,17.2686222807213
"446",70.8859685765343,0,19.3792505663105,737.019871594384,3.23031076183543,20.335846610686
"447",78.9235835417907,1,19.5840279712608,649.841584032401,0.224218594143167,16.4670926469462
"448",73.6625856857441,0,22.4977039443104,885.396822821349,0.891698677092791,21.0716122921495
"449",70.6545721836505,0,13.4768155444923,108.044191729277,2.57726639066823,27.7566512404282
"450",54.6141938016397,0,23.8844591201991,953.647093148902,4.65930196736008,30.2072439263837
"451",61.7579081904749,0,24.4001992103218,698.30353371799,2.87352301483043,25.1295996888401
"452",70.1438658923595,0,20.9447487292119,791.9420551043,2.62878328375518,21.4697414984175
"453",67.0439210604306,0,17.7239367924142,278.139305301011,2.33110692235641,29.6039896811191
"454",70.0443207439656,1,15.7875139077082,191.475264262408,3.45846277568489,24.9675516805128
"455",61.2019768554014,0,27.6554494726508,983.67484472692,1.26024486799724,26.6144404715244
"456",65.6271731644759,0,14.4330351377336,339.045347878709,1.39129286678508,28.8330596634968
"457",73.5523224142345,1,19.9759945152859,216.862025670707,7.8064744756557,21.1789847062486
"458",57.6187615870757,0,23.5381071226372,847.765252925456,4.18510478921235,29.7106198343338
"459",74.624221217232,1,24.8065272271768,985.703263664618,4.25488077616319,15.1551797078205
"460",61.1320370371983,0,25.588594989478,785.455228760839,1.94514789339155,30.9154225624639
"461",58.6545836854608,0,20.2728569791816,685.129104647785,8.16964664706029,27.1937063804954
"462",61.4059513851503,1,23.4585998496426,599.677300313488,5.59548536175862,30.6153298919852
"463",65.688139963592,1,23.2883387641073,972.658924292773,7.96977684670128,20.6171311028771
"464",65.4008314828008,0,23.482353873578,803.994191577658,5.71701402892359,21.2076295093744
"465",79.5811589416963,1,20.9428855837566,423.918629065156,2.07054549199529,15.497225001109
"466",61.281923274103,0,22.7894679470947,881.808622274548,8.66835470614024,21.9839589030971
"467",63.4592227914401,0,17.5188472593256,476.963598746806,8.35547544783913,23.0230712034961
"468",61.5223236391213,0,18.9601275651056,2.50085536390543,6.99918391881511,29.4409683675449
"469",60.9201860907541,0,20.4983988264881,767.050911672413,2.21532326191664,27.8625888109807
"470",64.336604830797,1,18.1326505144746,404.07858369872,8.81401621783152,25.753025526101
"471",62.3066150679482,0,20.0423632732444,580.274506472051,7.69072988955304,24.5949847704727
"472",53.9969253012349,0,27.0195891005579,903.742713155225,4.95721444487572,29.6316073090176
"473",74.2117338815018,1,20.5348739270913,524.46702378802,2.8299116184935,20.5527784611088
"474",67.2377617912715,0,18.6760527819669,1.96697004139423,4.62465389119461,29.0164565652439
"475",67.582307627738,0,18.0807568608226,404.377517988905,5.36941634933464,23.4635875926402
"476",53.8581791643592,0,26.5985697318111,997.329499572515,6.43203854025342,28.6357446344473
"477",79.7675090829271,1,18.5881927845246,127.13526468724,2.8444397051353,20.0763158847149
"478",62.1510846566902,0,28.7036056825744,841.769118793309,4.07260403735563,23.9898903964802
"479",69.0084161465757,0,19.7454755429023,182.91019811295,1.09107672586106,28.5363747768172
"480",63.9567336991766,0,23.5644901072145,609.846548177302,4.69924530666322,25.0907162883773
"481",72.9851448294174,1,17.0770469896594,277.517159236595,2.95612124749459,22.4050619584117
"482",67.9553881055314,0,17.6630393953176,391.400329302996,6.17312433407642,22.8241282905202
"483",74.2460622890652,1,18.5462488358673,29.0938012767583,4.52191481902264,23.8759579128378
"484",58.3855329317654,0,22.8867781391439,815.165414009243,6.09836568706669,26.7201950490463
"485",56.3055594806346,0,23.7353350691357,400.825612712651,3.93081581778824,36.7413426656317
"486",70.0650802677648,1,17.6478133994206,95.5712548457086,6.51524081267416,23.703187689892
"487",79.7202318786559,1,16.1051349720946,65.8396815415472,5.69621930248104,17.3014573454292
"488",74.0368875309847,0,21.7725204753273,597.169073298573,1.57201021746732,20.5375623028717
"489",62.647194321882,0,25.5841329002173,968.565061222762,8.27821946307085,21.5013528481557
"490",60.3924276354303,0,22.7911179604603,635.475443908945,6.65051759476773,27.5394128338769
"491",61.2978422419888,0,23.440568147551,927.704173373058,8.92375392140821,22.7342323266523
"492",65.6227049564373,0,28.5191014255953,979.01320271194,3.72918711067177,22.0868782029858
"493",62.6193422929531,0,24.3050640906354,423.612180398777,5.09830021276139,28.9566391824038
"494",69.4250393712238,0,15.8664408870502,87.0208330452442,2.5653690083418,26.9458266160118
"495",68.7350347041088,0,14.5224939967323,237.197388894856,0.195013187360018,26.9872929883843
"496",67.0934790921428,0,17.5303550279334,398.931319126859,7.91894465242513,20.0935453345568
"497",70.2870815868555,0,19.9462984482928,308.573892805725,0.523583559086546,24.5191286972669
"498",62.7923736837793,0,18.2412437483346,626.224975567311,2.98641349584796,26.4425639982577
"499",55.0697869025789,0,23.8760960538912,991.455931449309,4.53169882181101,28.7166993520534
"500",59.0975236560922,0,16.2563504232352,290.163066703826,8.36622681235895,30.2913980020281
"501",70.8253652407837,0,22.3467208777714,520.274750655517,3.68173893378116,21.7902294561419
"502",76.6413430278874,0,17.3668663294674,258.175018010661,3.08647321094759,21.9510112948517
"503",64.4964301447554,1,18.6237200206384,182.893645484,8.36522826156579,26.4426559548389
"504",50.7128113390542,0,24.452884062165,931.584909558296,8.92493732669391,29.279452032539
"505",67.7330664745289,1,18.4659494313043,390.916798030958,1.84341038321145,26.2986284285503
"506",60.1125130050375,0,24.8651693405088,865.326863015071,1.02167139924131,29.2415220930132
"507",79.777076933231,1,16.2143615484046,244.990781415254,3.92810135520995,18.2585731894602
"508",68.2248413555152,1,13.9248568615354,177.096561295912,7.80984632251784,28.7096271345966
"509",55.4524669310481,0,25.4881549613621,960.952966008335,5.35516871698201,27.0209480865778
"510",69.1048607251636,0,21.7898721745461,858.277750434354,2.17133346875198,20.2518652262347
"511",72.8350395041112,1,12.6139359176387,120.252335211262,3.3637082898058,26.0517858401348
"512",66.8738548948747,1,17.468291250657,358.228445984423,4.58932908531278,26.3075476473402
"513",69.6429051121895,0,19.7176008731501,682.723321253434,1.43535434198566,21.7797804027586
"514",59.2658948288228,0,21.2850988812676,558.791902149096,4.33553110482171,28.1396314023207
"515",66.8222955543485,0,21.9483348139535,687.146100448444,2.85837874934077,23.1296280156802
"516",65.9540300266617,0,20.9174739957074,937.911817571148,5.3470649861265,19.9137208814767
"517",55.353846287018,0,22.918006207084,626.795084448531,8.53028896730393,29.3589356119388
"518",63.5591420460924,0,19.9583696697709,477.488897740841,5.32599258190021,26.2728043110562
"519",70.8742337193537,1,16.7924447914835,334.51409288682,1.30290320632048,25.804506338126
"520",58.6947865985092,0,16.496585066015,678.970595356077,5.01666346821003,28.0084281843862
"521",69.3153463657827,0,19.3274903524735,617.457656189799,0.554614619817585,26.3975709610042
"522",67.321134160223,1,22.7014571256578,643.799633253366,8.00115070841275,21.5820328594589
"523",54.3212473387336,0,22.8938558212299,596.218376420438,7.67634009174071,32.1208750520637
"524",72.5660168965944,0,22.3542278770074,526.131456252187,2.77721941494383,19.8547315160782
"525",63.5357676489533,0,22.8114582194863,907.887461129576,4.71087629534304,21.4041828136639
"526",54.5555433645732,0,21.2877411400837,455.457478296012,5.03346753912047,36.2290687561158
"527",67.645613956083,0,15.4255458291576,159.366962267086,8.56718473671935,22.6523278923412
"528",50.4019352256855,0,20.8211368840801,987.620094325393,6.43670927197672,34.4138455621274
"529",57.2884292267745,0,26.1590562913719,902.524461504072,3.05454561766237,27.4592450015493
"530",64.7707698732933,0,27.3757963526108,970.236397348344,7.5670574773103,15.0902347363862
"531",67.2360725242654,0,17.9964245082952,557.143707061186,1.75164849660359,25.9265196688787
"532",85.1390482640438,1,17.7864533399397,252.079760888591,1.4124968375545,14.6505762359483
"533",60.4063092548731,0,17.980005997139,463.708102004603,4.71751978551038,27.5467832801204
"534",57.967720750378,0,24.1749460569657,752.166264224797,7.00959063204937,26.5902105583769
"535",73.3996366574252,1,17.9166069802357,242.268572095782,4.01701253978536,24.4174830700477
"536",54.4909106160501,0,17.6541894414233,480.278527364135,6.07729939324781,33.3759234108275
"537",54.9385550240573,0,22.2112718788313,716.799516929314,7.30023814737797,33.2894115303922
"538",64.0377210515808,1,16.1969772076582,200.327858328819,8.41280206223018,27.6401535066164
"539",70.4063734981752,1,17.6155579349421,653.944187331945,2.08501827064902,22.9247178028013
"540",72.4345972700944,0,21.5662747028886,209.827631013468,8.15426544402726,19.2326117869343
"541",60.6540889353641,1,22.4785018999467,993.527521844953,5.75294705294073,27.4422724600135
"542",55.8920785142825,0,23.4790860945906,933.602572884411,8.40581686701626,25.3857147658098
"543",68.0155125358215,1,18.8236850068016,336.433790856972,8.17230663564987,24.8955519690086
"544",65.616485080811,0,22.8210289005395,554.648432647809,3.44954648427665,25.4965805877753
"545",76.7348014285982,1,19.0367230959231,407.008959911764,1.7078141940292,21.1510662882802
"546",64.4859994943007,1,17.8300622277883,411.987147992477,8.11222872021608,25.8273164497551
"547",62.267344398235,0,14.765570486538,63.3471228647977,5.0155369550921,31.5454498096662
"548",75.1946602591416,1,20.3114830627773,353.62543631345,6.22811315604486,16.3876346480512
"549",72.4673886918746,1,16.3252528328267,43.2525335345417,2.56420998182148,27.2033983705396
"550",62.1625711056834,0,22.7807138896368,423.169395653531,2.7107727995608,29.3184438219399
"551",59.2934416656389,0,12.9324649805967,50.5337573122233,7.31562877795659,31.9209229012902
"552",57.0717340792849,0,20.5894453469202,544.554323190823,6.0499876930844,30.6838113091912
"553",66.8154654293511,1,21.291337022725,694.218049524352,3.43849105783738,23.471696172726
"554",74.1719447014659,1,16.554293811743,33.1026113126427,6.12214856198989,26.6157411532061
"555",69.7055354224219,0,23.5459404172729,702.127208467573,1.46483650873415,19.7703966797512
"556",71.509938463007,1,16.6426098268716,21.7195060104132,7.24194459663704,20.9349877802986
"557",67.8512585478857,1,26.4785205176824,727.35204664059,3.47911379858851,24.7001880721707
"558",73.3776592097855,0,16.7552228125076,155.470003839582,2.49858746048994,20.8884232732911
"559",69.9959761715657,1,19.7388089760584,198.518534423783,8.62844208232127,21.4316396337745
"560",59.3287890654983,0,21.3876890846594,268.575894646347,7.85705348406918,26.9855736631542
"561",57.8817625455532,0,23.0169084237385,781.66757710278,0.855054785963148,30.122633432149
"562",71.8416134361592,0,20.6414247063548,415.644260589033,0.779311083024368,25.7261266534167
"563",59.5686653719528,0,20.2286910160755,570.694730617106,6.19682058831677,31.167472806818
"564",59.0097586015197,0,19.3326515116781,236.342647811398,6.90905327210203,28.2501698735682
"565",68.4706768164856,1,17.2730031999618,40.451182750985,0.841327076777816,29.8825521196221
"566",63.1519202051281,0,18.7910468492256,303.189928177744,7.36863245512359,24.1238021188238
"567",79.1852441634537,1,22.2721511124943,607.185855740681,5.65720608830452,14.8456130718556
"568",69.3079220893053,0,19.1636937735597,490.133276674896,2.39699328085408,23.6196063373026
"569",73.115362009402,1,18.4562307976762,341.356164310127,8.4381564098876,18.2632453551467
"570",61.8582182668342,0,20.6415425718123,249.073435319588,7.51786124822684,31.3121424245959
"571",73.8138840622646,0,16.9736342832244,478.768301662058,4.34050989453681,21.5170544820486
"572",80.876348163582,1,15.705173324741,35.7955622021109,0.560136330546811,23.7704663808716
"573",77.1563996900287,1,19.4183985778692,371.865589404479,0.519759020302445,19.3617175863757
"574",76.6424281611414,1,12.9095415768883,104.769970988855,4.63705714861862,22.7243671495328
"575",59.2599737759695,0,27.9707059007731,902.10901084356,7.08059544791467,25.1002832480137
"576",75.4482299572378,1,22.7065849775789,840.194286778569,6.96043685311452,14.6090731804055
"577",64.8254287269111,0,17.3777421047082,302.649332210422,8.73242832929827,24.2793742376247
"578",66.9268604306525,0,20.9686942910416,745.288585312665,3.62761302455328,19.8546678930922
"579",54.380267509958,0,17.5562902272592,466.697317082435,3.15504715545103,31.4823277502347
"580",70.0106749724187,1,16.6146783261638,72.7018748875707,6.78607648657635,27.8008108806864
"581",65.0360148379526,1,21.7009316867044,899.395166430622,5.94441700028256,20.3645820900514
"582",50.8501907616861,0,22.8749093989736,869.474078062922,8.22528338176198,31.1416818649799
"583",65.7376303773978,0,24.2944022857997,847.017146414146,6.3527298818808,22.2665556126559
"584",61.7271938323368,0,18.1502898667086,480.902895797044,6.76196422381327,27.5201388349594
"585",76.6765160198346,1,18.9120691928507,297.52416186966,3.32374747213908,20.1990695524717
"586",67.4135766287313,1,26.8737706926339,934.192311018705,3.92973521235399,21.4470647345876
"587",67.4885594242394,0,18.4746060369769,553.669478511438,0.703146072104573,28.4017025967213
"588",64.8754600803385,0,17.7777427516698,259.687124053016,5.53322640806437,28.1581868948908
"589",73.3298506026018,0,25.3769525485374,980.77625548467,0.30185542954132,17.8857629443478
"590",73.3179306860747,1,16.5990805375676,398.903992027044,3.8514337381348,25.3274009913262
"591",61.8675864944211,0,21.4970764146795,675.663991365582,4.31988017633557,27.0450170139743
"592",78.5755276844961,0,26.3153026039353,502.025745809078,0.400168356020004,19.4357194006419
"593",81.5251383750279,1,14.9485990897253,68.4375872369856,5.06487830844708,17.9495750670071
"594",83.0483433316782,1,16.832396849134,58.2094131968915,3.34423380112275,16.6294292107784
"595",57.1967968701159,0,17.7454147412643,394.222944043577,2.68900611810386,35.5089300347336
"596",67.0970244007126,0,14.9462552512028,92.6209425088018,2.18610419263132,27.3677387704225
"597",79.0667561102015,1,18.3035335467308,26.7129701096565,2.67877503507771,22.8642437850553
"598",56.134570805323,0,23.0207027933465,817.088878480718,1.5175634175539,30.9039102422681
"599",81.9049361195178,1,19.2069662566603,174.264285946265,1.38426516274922,19.6134835445593
"600",75.1473533800124,1,18.5428748184931,317.066499497741,4.61898887716234,18.5275248092897
"601",57.8477244567508,0,20.0883309057164,519.257293781266,6.1104148782324,29.198553838139
"602",64.8450484771324,0,23.1763848233339,794.163328362629,8.41383619839326,21.4088975307021
"603",65.071995394801,0,24.6842289253405,928.914286661893,0.816922350553796,26.0136321625354
"604",61.8783111139375,0,18.600349797583,344.999750610441,1.46616675239056,34.1230837855928
"605",72.3282411202882,1,20.2426172103399,368.786716833711,3.24940381105989,23.0694445422979
"606",73.6741219246899,1,17.5991959944214,193.932424299419,5.747183264466,20.1306347099192
"607",56.329774737372,0,26.5422464322376,981.602597748861,6.91872079158202,23.2030809483781
"608",62.6683004024109,0,22.0526622410068,856.869761366397,6.14343943214044,23.4411258521561
"609",59.5341127622511,0,24.0159296913632,915.966485626996,6.83873704005964,25.4341139096618
"610",74.6250317027307,1,18.4315166935197,244.319410063326,2.39265265781432,24.5161873108485
"611",61.7284935055016,0,19.5260389941251,579.005220439285,3.04627389251254,28.3556935573698
"612",74.0522360347583,1,9.47492553288332,8.11475072987378,6.90674417931587,21.7261425652406
"613",61.2105767889087,0,18.1439558376639,304.182497784495,5.09788718190975,29.8439987803513
"614",74.823079016517,1,25.7046948469649,713.95751228556,7.54533670144156,13.6958568908928
"615",70.5546087533886,0,15.6572708730253,141.394157661125,6.46059375233017,21.3236156897169
"616",65.0643677810638,0,25.6645959319237,916.107262484729,0.644239489920437,26.3935337285897
"617",61.3267056019628,0,18.8938109290611,465.851223561913,7.86206512036733,27.6770274651431
"618",73.8453812749944,0,14.3966466845478,145.865277620032,0.738755005644634,24.5660321950856
"619",65.3964277534607,0,24.8980839822309,731.507764663547,0.798866830067709,26.565236680129
"620",57.578488986772,0,22.7982004905087,755.599303869531,5.2049547904171,29.6721139060049
"621",69.0138899448799,0,24.3426344917761,672.910996945575,1.24706153199077,21.7001003501707
"622",68.4041842472308,1,20.4271471300252,164.887992432341,6.11649718112312,29.5709593825068
"623",71.9537211869359,1,21.2626774234121,585.520493332297,8.17640757607296,18.1111464726857
"624",64.5655549214226,0,24.6223909153244,998.912380775437,2.52604490309022,22.1932502937963
"625",63.1109540885358,1,20.4310714273619,539.593867026269,7.57225263328291,25.4265855779916
"626",55.9720248569499,0,21.4041507619714,992.189202224836,6.78218372119591,28.8566222486936
"627",57.1696318525922,0,19.4486696681101,669.332773890346,7.04899670393206,24.8187800146673
"628",69.6763470253274,0,21.2567227883229,802.742602769285,0.393756820354611,20.4033498692925
"629",69.754285337652,0,18.7269131271696,416.842935606837,4.3753635934554,23.5840638326871
"630",70.3019444100966,0,19.041870855875,700.083141215146,6.11835847911425,19.4120607143067
"631",83.4838402109045,1,21.1737290526016,452.080744085833,2.45570438867435,15.4361962148793
"632",82.6875922641312,1,17.0040080195747,67.6015121862292,1.65619569132105,15.9295706359586
"633",62.8532483951694,0,18.9935347613368,136.056378250942,1.30519873718731,35.6297173081112
"634",69.1079499187081,1,21.3971017538508,889.356904663146,2.37528827553615,24.5318943448098
"635",66.143357690258,0,19.5517491799793,569.982712389901,4.15953496377915,19.1497813098994
"636",60.3094067837479,0,21.4147869552479,432.358288671821,3.57652151514776,28.3249185926272
"637",68.9990558060709,1,18.3133485291942,136.124091921374,7.80963230109774,22.4117392558359
"638",66.1430690244677,0,25.8010728524544,978.676223894581,6.28604341624305,18.342902247411
"639",78.2957710130574,1,15.1812543384844,119.793676538393,1.87298199115321,22.8264566895543
"640",72.5081107142202,1,17.7320325077758,33.8374804705381,6.56469548516907,23.4655737279324
"641",61.657107400198,0,19.2891452046394,457.108299480751,0.89956327015534,31.1255082804372
"642",60.2729182947874,0,18.8873554480592,66.2248542066664,1.84796748775989,36.7602260012469
"643",55.453670948099,0,19.3590957089626,528.374178335071,8.83847162104212,28.4969342390536
"644",57.3694504266516,0,25.3504804912114,978.615325409919,7.11037771822885,22.947117681518
"645",82.2324904138839,1,20.7398209898247,221.278242999688,0.581113866297528,17.0773119910927
"646",80.782236225588,1,17.0986205451625,116.112200077623,0.0228818119503558,21.6522343877681
"647",56.3724269399115,0,25.0456880274235,979.106318671256,6.45218198234215,23.9366281915516
"648",62.932545895698,0,25.7824197099582,951.70532213524,3.20063757989556,25.4351942147026
"649",65.5963706643725,0,22.1995207940524,653.714017011225,4.53926259675063,22.4361581298015
"650",64.4170429957894,1,19.7153872940032,839.824157068506,5.47975274082273,23.2798102409925
"651",68.3946060507377,1,17.1063390919732,275.267018005252,2.00060117337853,27.4491699420174
"652",75.4029746574781,1,17.6499282698234,371.700255898759,1.33560116356239,22.3897357044311
"653",74.1290292454035,1,15.0657081710201,191.15327228792,4.46109835943207,25.1106997065356
"654",86.3778375790274,1,13.0362643099412,0.116221606731415,1.47926756017841,17.7606916960047
"655",68.1374257197549,0,25.1504128382881,708.36898102425,6.67569248378277,18.5643868344506
"656",49.737055726452,0,21.6850469037675,779.535560170189,8.77682051877491,31.2605003300216
"657",61.0102945855974,0,21.1644747153228,516.275946982205,7.44658586243168,25.7932147627616
"658",65.5696486543784,1,21.6632124157857,636.640251614153,8.32959467894398,22.3549315751982
"659",67.5567430232128,0,25.4312734229694,892.564905807376,2.71384702180512,22.2860869921265
"660",70.4617276367984,0,20.5835512439568,373.179239919409,4.81153992656618,20.2209299761405
"661",47.5333863272584,0,24.5157935595439,859.574113739654,8.57142479578033,32.1942082418075
"662",68.3967907578843,0,19.2321785738959,432.857186067849,2.61870190571062,25.3209597771899
"663",64.0954325885133,0,20.7259728460203,806.188790360466,2.47355489828624,26.3672875141139
"664",55.9378397603286,0,22.0219338664505,593.177510658279,7.90321470354684,30.3046739644822
"665",79.9555189387882,1,20.4683440408174,68.9356711227447,0.744561659172177,24.07312556322
"666",64.5084672079894,0,25.9589378280973,751.525636296719,4.16225135838613,25.4863104087254
"667",66.6355180107117,0,17.8230061872248,309.055427554995,3.06963100237772,29.8667773766423
"668",70.4742278695807,1,18.4337488338874,168.774193152785,4.16905532008968,24.5738681439991
"669",66.9655873057826,0,26.2772711233864,884.205878246576,3.35183183918707,19.1218582461993
"670",75.9014265669891,1,20.6977146387024,248.657178133726,1.57738573104143,21.4027964880665
"671",71.1729125202429,0,17.9078478106859,117.11161560379,3.15818339958787,27.2891026183964
"672",65.5971536413534,0,19.6243855739318,615.967890946195,3.63510815170594,26.9559493084431
"673",62.801482047046,0,23.3968980066519,985.371273709461,2.12632239307277,28.8588144295244
"674",61.4950729218649,0,23.220532585477,904.581990325823,8.25358691671863,21.0018225769505
"675",59.6657849409789,0,21.9963365953246,386.202828492969,8.33735560881905,24.3172001713511
"676",64.6292996799671,0,24.1964707360378,751.792580587789,1.14524375461042,24.7699069133494
"677",58.4639195975446,0,22.1584566080712,600.454013328999,1.30125631950796,35.0161556678277
"678",63.067163397237,1,24.303441397888,971.946241334081,5.59786479757167,25.2040229032325
"679",66.1494234960369,0,14.1707937980655,128.73311759904,5.86556640453637,27.3627484036372
"680",72.1968667102176,1,17.9615498341029,62.5987774692476,4.61412921734154,23.9093139726383
"681",63.8264749874736,1,20.0627442626875,732.476236764342,4.0694232895039,26.3742126619234
"682",71.7631433827376,0,13.4828211255171,123.598626116291,0.681162724737078,28.385218930123
"683",70.1729979169014,1,21.6568735520368,415.442262776196,7.17522215587087,22.7716464999153
"684",60.251576165318,0,23.1667668149208,876.775576965883,4.54719621688128,27.2753024095577
"685",56.5162013598879,0,23.9519546674615,700.960025656968,5.93479674635455,29.8781364992896
"686",64.1086739793653,0,29.316742481951,819.330168422312,2.49845368112437,22.9698297758878
"687",74.8012198730692,1,17.166898159156,44.1956033464521,4.02272369829006,25.7967580075359
"688",70.9439146737555,1,25.1224840071808,851.331240031868,6.01809129724279,18.280848524232
"689",70.4762447264184,0,22.4821874810504,698.511415394023,8.48648350057192,16.1786051313661
"690",69.7943147610099,0,16.2322321748006,198.976763058454,6.17337579326704,25.0587412502476
"691",72.4475470689691,1,20.7534246352605,604.694227920845,3.29886806407012,21.5327784309527
"692",75.8478116960784,1,23.3980998167041,887.239897157997,2.16740002809092,17.1828990179698
"693",62.2300453911325,0,19.4504439415821,368.133154697716,6.91072714654729,22.9696129606192
"694",62.3879758435803,0,23.8622243691416,812.182379420847,3.10220759594813,23.8000034149637
"695",64.4931348466899,0,18.0948448312271,469.012608285993,5.57897949591279,25.8215799308956
"696",67.3470631638826,1,18.2658467083608,494.854977121577,2.6082555942703,23.9985641593573
"697",64.144852929166,0,28.9161048817396,821.662878384814,7.6130948709324,22.5224584692839
"698",66.3626053905776,0,18.6490150032665,256.251756567508,2.95178980473429,27.6721813603343
"699",80.550884295885,1,16.6109462705345,160.32169573009,1.82848394452594,21.3519179941914
"700",58.9145127566422,0,16.2725741187705,305.736906128004,7.74310951516964,28.0354604095802
"701",68.1549032102921,0,20.5936656024958,265.654599294066,5.41642544860952,26.2106582208943
"702",68.3182763952688,0,23.6116067799249,605.961901368573,0.711604300886393,26.851567106168
"703",55.1884867702361,0,24.6162474688363,863.685317337513,5.62007845239714,32.7981421046036
"704",66.1692422489899,0,19.4353739002056,313.260471448302,5.8109231160488,24.4361088241404
"705",63.5818576326346,0,22.0300990097113,644.056930672377,8.23990288982168,20.3357720275817
"706",75.8651795041727,0,16.6642390566257,3.09517048299313,1.0047112070024,25.0151941463965
"707",71.5138462834024,1,19.5794715604494,154.747168533504,8.63122673286125,21.24209624409
"708",74.5875454025729,0,22.3179312055757,558.334877947345,8.38481716113165,11.5232349939631
"709",61.3822256788169,0,17.5360061913555,210.427439771593,6.46572828199714,25.8147103258656
"710",56.8303587067294,0,24.4419416117091,949.070080416277,3.98417670861818,31.9735402116776
"711",82.9296727227363,1,21.6816108737515,673.984043998644,2.17269424977712,13.387605758639
"712",60.7317552408376,0,24.1715858320396,657.337233657017,2.45993998227641,28.2794615200832
"713",59.10304344569,0,16.1770677853755,98.4398901928216,7.3692311597988,32.3262981132227
"714",64.8778061311348,1,18.956445019192,523.140553850681,4.0464594271034,27.1977855836907
"715",60.276633059227,0,20.5451882345044,610.35500979051,1.41706125740893,32.4750637029565
"716",62.249854746286,0,25.0644153230976,844.336268026382,8.07158210570924,21.8403478979993
"717",55.9859669915411,0,19.6613134319023,519.836506107822,6.63641901570372,28.802143783483
"718",78.6948060185918,0,18.287814863201,182.190169114619,2.78539361874573,18.2673506187693
"719",64.2152728751488,0,21.4894544968518,670.549709349871,5.77599273738451,26.4769770649359
"720",57.4428170268099,0,21.8008888369736,748.524202732369,1.65900605544448,34.0611481542466
"721",60.4649867994614,0,25.3879572852638,751.628539524972,7.53329878184013,26.4575620792062
"722",76.700130023243,1,14.3115888210067,321.843954501674,2.74358907155693,19.433822828639
"723",56.3695606013127,0,21.6107696955416,886.603878811002,4.11316004768014,25.9670038663062
"724",63.9836126947652,0,18.7330886146589,213.589974679053,1.15596994827501,30.0840024723351
"725",72.6563895987436,0,21.2151489433845,456.723554525524,3.16216747742146,18.4712035122265
"726",66.7695460508325,0,15.4352766144509,133.046311326325,4.07709946576506,27.4224457465735
"727",60.1471838504798,0,20.1688593069597,537.777233868837,8.53339916258119,23.4678248868336
"728",75.1908382728382,1,18.0004091854804,101.063492009416,5.95655941497535,23.0318511658637
"729",65.9984893501679,0,20.0339458025173,854.880798142403,2.90948746050708,25.4023071796842
"730",61.2829587030536,0,23.2735933197901,571.892704814672,6.87800680124201,27.736123335132
"731",66.995687598357,0,22.6011150594857,755.618402501568,0.924475057516247,25.4391633544094
"732",75.1314690216847,1,18.0649890657557,532.800772925839,6.63314047618769,14.4596337759205
"733",54.0895606818034,0,22.6734220256061,748.516609659418,8.52556131198071,25.5577655802167
"734",67.6671488856599,0,23.6932078198038,662.428830983117,5.43047498725355,20.6474874912424
"735",78.7468025771744,1,26.3531646246086,966.31344105117,1.66870313999243,14.7664818016803
"736",63.1231971205849,0,23.7381297465452,691.450894344598,0.937586428597569,24.9409284958431
"737",65.7752679780408,0,24.7889845329341,895.932717248797,2.48823236930184,25.1119097526114
"738",70.1005368334549,0,22.760913061399,770.249223569408,5.62183040007949,15.1665870826488
"739",50.1947171152521,0,23.571829729964,913.423935417086,8.90093273785897,31.4682245060804
"740",79.6136920755836,1,17.3663000780481,16.4435561746359,4.7904958887957,18.0611404858826
"741",71.6708601936104,1,18.0300487480112,296.049780678004,7.19913578219712,22.8667653065834
"742",68.5100017359586,0,20.9999896799797,601.175530813634,4.83346508885734,21.4417922642468
"743",70.853463247548,0,16.9569608655525,357.573489658535,2.90890412614681,24.5188165566058
"744",71.7793803646576,0,18.4519166410207,46.1249563377351,0.0820832778699696,25.8382392075908
"745",67.0592364864352,0,25.0528377423751,913.872760022059,0.479299596743658,23.8395184955932
"746",64.2724497950204,0,22.3471419464069,639.200527220964,8.71329187019728,20.6210403130768
"747",64.1965967852297,1,20.0860261574522,517.375607974827,2.13147268490866,25.8709029554404
"748",65.7306530807599,0,22.3403371392432,448.663532733917,2.86770851793699,26.7483381912168
"749",66.3725279059233,0,22.4674797193559,238.386188400909,5.16101215593517,25.7865825454106
"750",55.8962463742986,0,22.9066757156799,905.16446181573,2.17388502066024,33.4803844145918
"751",62.1791162176423,1,20.5907301099796,416.385715361685,7.87953893677332,31.3691211007537
"752",66.7307638049364,0,22.4854802577585,988.063031574711,1.90346703585237,22.8227840995064
"753",72.0348797057149,1,22.2757684368982,856.126201339066,1.63780467258766,21.9265516637899
"754",69.0200874869224,0,26.4659112424752,658.596178051084,0.78325786977075,23.9189728580572
"755",55.8744244466374,0,15.3639752844743,182.09680612199,7.95614544558339,31.3349972531202
"756",61.9306172533044,0,16.8928759799198,172.418661182746,8.87184914317913,29.6089961099371
"757",67.0799357797939,0,15.3224650062551,108.509758487344,1.97321058483794,28.1378404818223
"758",57.9120886376691,0,13.6147934738634,201.036849757656,3.03213047026657,35.1302526368989
"759",67.5916845192615,0,24.4802427560069,966.058888006955,2.78444889443927,20.3326899022446
"760",78.2695359165159,1,18.0178925294607,257.006417494267,0.502701323479414,21.8552993277142
"761",50.3615268607536,0,23.3760184345081,790.877758059651,4.15716676809825,35.5816126887772
"762",61.4658134291066,0,23.799369200376,956.285006599501,2.83920187270269,24.2102319139311
"763",57.9565532916685,0,20.0300771566555,770.920064067468,4.5596886430867,28.7572672171272
"764",70.4688840069673,1,21.3247206409231,693.988619605079,0.689324864884838,24.0465438134584
"765",62.0566564739501,0,24.1237329219427,769.593989476562,0.0923150272574276,29.2836221091896
"766",69.2711440549666,1,20.7830639569354,846.663107164204,6.52260826248676,18.5872418518354
"767",72.3849812008151,0,16.9056617176133,119.559708051383,6.9761305837892,19.229754250728
"768",71.7442346593997,0,17.0961508988216,410.144575871527,3.65294388611801,21.8550761796633
"769",76.4249327151856,1,16.5330611099788,183.747401926666,0.298186268191785,23.1655054561416
"770",62.1831561700357,0,22.9174555439089,924.888561712578,1.24102515145205,28.472999290071
"771",65.275113869,0,16.4581528664191,247.057650005445,2.97212306549773,27.6876705689402
"772",60.2212062447934,0,13.3984239952859,63.697790261358,4.30003524315543,29.5111566126897
"773",67.0836667991596,1,16.1958795199901,85.9548253938556,7.72340866271406,25.6933012579822
"774",67.0356095287764,1,23.0327227538027,915.208427933976,6.08136668242514,22.468590305953
"775",63.2406612214639,0,18.2436774149446,486.118718981743,8.09440977475606,23.1521799463167
"776",76.2148382590694,0,14.8362104321865,291.479677893221,2.70297165960073,19.1065796689202
"777",71.6682137652091,1,20.4004974326918,433.035328285769,5.79569804063067,21.7881759144351
"778",78.8028704061748,1,17.0420104997068,256.206085672602,5.74026209232397,15.6304758017503
"779",77.2823800727767,1,23.4567595934012,555.356362834573,1.45773813896812,20.3466121103968
"780",59.362126673365,0,23.7605357337995,927.373728482053,7.3730693066027,24.700198226868
"781",78.8752022862539,1,16.0000154851223,151.99716668576,1.71429343870841,17.7422803474133
"782",58.6219465350013,0,25.2127574481084,642.048268113285,1.67036351119168,30.4340443564714
"783",79.7632323244803,1,14.717452108816,196.0545622278,0.0581917189992964,25.1741590458369
"784",67.0375562807708,1,16.5120404015636,301.691804779693,5.90153754106723,23.6365977872716
"785",67.3203015299693,0,23.2491829707252,930.361869744956,5.75543466140516,22.2825979802381
"786",66.0002846870546,0,23.5976411378643,934.654023498297,0.0162064998876303,24.1160588127715
"787",58.8344717295058,0,20.5921659101579,330.211693886667,5.02374206506647,31.8003945879499
"788",69.9044835795963,0,15.8504404132207,55.9874298051,5.75874829594977,23.9613489828843
"789",66.4847304607939,0,14.3242834098707,22.8612646460533,1.26472594449297,30.9455962693186
"790",63.7997375468869,0,13.0922973115218,238.462273962796,6.32504782523029,27.0818766024078
"791",62.9219744699999,0,23.3792242202594,678.293017670512,1.12137342290953,25.9922868639334
"792",73.524168001627,1,20.5710490264226,385.014554718509,5.18089412036352,18.1921791559065
"793",72.018317650987,1,18.5575368868976,277.555605629459,3.564445189666,25.9591272058225
"794",61.1165882660602,0,15.8530652250628,121.394167887047,8.19453704799525,28.4084831185237
"795",75.5016459667766,1,20.4156762436566,717.245145933703,0.734524390893057,17.7884031896835
"796",64.6403990701652,0,20.2423319208649,664.931614417583,4.29202053439803,24.34684635354
"797",77.3608272321796,1,15.5262706537655,191.280143102631,7.45389542472549,14.1341275636501
"798",67.3343804536691,0,22.3894209491864,717.710813041776,2.11010877066292,25.5117656656489
"799",72.0685343087344,0,21.1735655479321,181.747602531686,6.92646212037653,17.989310851761
"800",70.0277112929631,0,21.6295787318746,630.522476043552,0.448286404134706,24.6856693304653
"801",60.4991092986014,1,25.0245082920481,689.739860128611,8.66932840459049,24.7550600524297
"802",61.3179024270133,1,22.2224382526953,723.784980364144,8.97710323263891,25.9695459555804
"803",63.0879451521888,0,20.9545385839409,667.674757773057,2.41757394815795,29.1780437629487
"804",73.0650111828724,1,17.4742738629569,174.766866024584,7.46425102930516,17.6153203220833
"805",65.8438180024911,1,10.6345677137298,0.584942288696766,3.9036533574108,29.098385503073
"806",65.7915941075737,0,17.7202066673149,369.209247641265,4.94178815977648,22.6594493233286
"807",69.7909732558587,0,22.0155776679854,917.154546128586,2.16970254317857,17.1437402507926
"808",74.8951171782637,1,19.397139299847,421.248449711129,3.44838521978818,20.0769974383097
"809",62.6078011484311,0,20.852845227776,495.533708482981,5.29759577312507,26.4900683476447
"810",72.6519978644092,1,14.9516213095047,368.804621743038,3.68705026921816,21.7219276591559
"811",82.9225529488846,1,12.8289104497793,4.4048058334738,0.940337457228452,17.161608669533
"812",66.931128439397,0,17.4969600447558,266.636593267322,3.55205476493575,26.9837776137305
"813",70.3346525121918,1,21.4345954318717,332.170467358083,8.25057654781267,22.62597436617
"814",66.5837529031075,1,25.862762038825,994.89794136025,2.84616458974779,20.6940052816302
"815",67.6126507745209,0,17.6166153371485,287.828898523003,3.54085769690573,24.9710865677722
"816",64.825379592808,1,14.6568792204229,9.16323671117425,1.92040647868998,30.5747493768995
"817",59.2296734475263,0,19.6047857807634,931.74373707734,5.60801944392733,27.6888246707245
"818",73.5408607731783,1,13.8110895393807,168.772416422144,2.62316012894735,22.3590645951529
"819",62.9263984490805,0,22.3530232651682,984.696651343256,7.94951713923365,20.007155398565
"820",62.4787242588047,0,18.1957956824247,327.612983994186,0.458794284844771,32.1465142172501
"821",80.1715736257961,1,19.4391132625328,452.308100648224,0.0973459880333394,17.9841923882229
"822",72.5309750094195,0,22.8310502217089,679.667381802574,4.24503714870661,19.8818022819109
"823",75.6046213216274,1,13.6359382648085,189.35402110219,1.66774609009735,23.7195338837898
"824",78.115154582513,1,18.5472755877937,470.472350949422,4.98244908847846,16.0863940979506
"825",73.3386502823717,1,24.9167093638177,606.003559427336,7.05980392755009,19.7193661636909
"826",71.6030207966571,0,10.8153568600507,80.7478684000671,3.02101556584239,26.1634779376674
"827",70.1105841529681,0,18.1639870239967,256.17543165572,6.34302514884621,20.7082373557392
"828",75.6565000764342,1,18.2370898644329,247.569527244195,6.13288682559505,17.5290678206999
"829",64.9505425424269,0,21.798267189523,657.542840810493,8.09024057001807,22.7907048098305
"830",65.1910805336902,0,19.8547538456927,682.997168740258,0.0851208586245775,25.7824466370797
"831",69.65381369561,1,15.9563173146622,51.9277642015368,4.73579948628321,24.3188990512339
"832",59.5037840037051,0,20.256108957356,821.164065506309,3.56815385702066,29.7788682594889
"833",63.8887262820469,0,20.0488604591585,801.650091307238,7.86458091926761,21.7365612912283
"834",61.4519602320629,0,26.6848304282714,924.879113445058,2.87308771116659,25.4673607785543
"835",61.9711234670213,0,18.6760137245198,487.07754095085,7.82625187584199,26.9388943791516
"836",70.8560061564506,0,19.1773842143755,401.415147352964,5.66757661267184,21.2764890520949
"837",55.5571962799735,0,20.3089741802854,701.351257273927,3.11334782419726,33.7485551756303
"838",73.3229192361107,1,14.1140019098043,168.742814334109,0.856707053957507,29.6024803944789
"839",54.0507965511588,0,23.4894432003959,951.504555530846,6.51572157349437,27.6376893006141
"840",76.191982610346,0,14.9838976446397,71.6992490924895,2.24721373803914,22.3316312922545
"841",72.506923711468,1,20.9678842478681,381.257672561333,2.16731308260933,27.6502493811394
"842",64.6923854487782,1,22.7579092772969,859.943456249312,6.60569617641158,24.5471905896472
"843",56.5817605941608,0,20.11919517973,472.010662313551,8.28873337456025,29.4917121905267
"844",68.010320643969,1,23.922487632937,907.18813566491,3.09036790835671,25.1922946016666
"845",61.2203913993848,0,22.5689833407078,857.51177277416,1.0427636182867,28.7283382880197
"846",61.4676625230134,0,22.294961659074,781.192571856081,6.84403133927844,25.7789688687445
"847",62.9237490805763,0,19.7603907733549,678.297021659091,0.391485477564856,29.8582620854498
"848",51.7067961414805,0,22.5400851128803,610.292563447729,8.92717137839645,31.6260682452916
"849",63.1651992664011,0,23.9663917956824,625.44360361062,1.62805479881354,28.3077907014234
"850",72.0304045061265,0,17.4230468104655,99.7261265292764,0.796948931179941,24.1888278140547
"851",67.6818460223833,1,20.9484422692113,564.594025490806,3.83129194518551,23.577553446786
"852",63.1907698246878,0,18.7272955109805,461.836599279195,1.68250178103335,29.6597470156921
"853",76.6647772944479,0,13.8763039155298,84.4108490273356,0.897901924559847,21.1644689056354
"854",63.8333338126773,0,21.994326843806,435.635446105152,1.78470845567062,28.3735924845725
"855",65.687299080866,0,23.3674801742305,503.139481879771,7.14349416084588,24.9165213654107
"856",74.7915827418926,0,15.7272309164462,97.5267116446048,0.0268380513880402,29.0461390932149
"857",63.3199660965771,0,28.0698204532758,983.673727372661,4.07813247665763,20.8750351088585
"858",60.6550933931041,0,22.711909091402,981.04494297877,6.67929307906888,24.1629750450503
"859",59.5172845651354,0,16.7973057141657,313.55139403604,6.70042089815252,28.3867935325489
"860",62.1716634776863,0,21.5645792687498,983.312231488526,5.04764752951451,22.7457116020112
"861",64.2639363868816,0,21.1165445926473,475.93435109593,3.56217397470027,27.5784226603717
"862",64.4181049702327,0,21.3414515984022,870.534774847329,6.15117490617558,21.9499650355043
"863",68.8798333385698,0,15.1407130999085,242.335468996316,1.84639017283916,27.5522375221563
"864",63.5896912186079,0,22.9478776651884,713.100778870285,3.59189878287725,25.4169682701159
"865",71.2839018216433,1,19.4919977463201,718.889676965773,2.6357493493706,25.4363051049172
"866",67.2997993345663,1,13.1290470070981,144.283187808469,5.22942762169987,26.3672832209176
"867",76.9048742048373,1,16.2362822641214,110.487367259338,5.18694784096442,16.9398198110935
"868",78.013590602297,1,14.8321062598761,47.0964799169451,0.192303479416296,23.6271849328043
"869",66.1045380589052,0,17.2461017202747,170.817289268598,3.67673790897243,29.3155708714362
"870",69.1745423460452,1,15.3831434500806,131.47608237341,5.60415362636559,26.5343748355865
"871",59.6742220316418,0,25.5352330315201,835.937203140929,2.80093572707847,25.622228366049
"872",83.2040361438947,1,16.2496048003069,4.64628078043461,3.1128915657755,15.7763331657793
"873",68.7344597720773,0,26.2670034708887,799.015942495316,2.80976070184261,20.8287164724691
"874",65.0528025575762,0,16.4923322344667,583.715312415734,1.69842198863626,29.3119456486294
"875",84.6599555203731,1,23.9354075341842,367.500517750159,2.49388678651303,13.7388521693735
"876",61.916915608414,0,23.6978381702014,875.789866782725,4.16160680260509,27.3235234407172
"877",78.0211544838242,1,13.8966520328041,19.5328176487237,1.03373494232073,27.2100234896257
"878",80.4058522082719,1,17.0545995064989,195.153104374185,2.31021968065761,18.7726486931986
"879",64.1861379230828,0,22.0883277346808,585.311553906649,3.43117387220263,23.8096315579509
"880",66.5728771090021,1,15.4837802342425,522.348158527166,7.5693764523603,23.130764280769
"881",75.9668562642999,0,19.2702462994402,247.640189481899,0.246101622702554,24.063688204406
"882",48.5354742862892,0,24.2355855073777,978.667959105223,7.93486307258718,34.8870064251201
"883",70.6987520122151,0,17.9101332336612,473.364592995495,3.68948225537315,23.7124515328426
"884",68.6381133196489,0,22.3392740794166,864.235946210101,4.15216600731947,20.8987019928066
"885",76.1074928490142,1,18.2649977381833,334.103224333376,4.88036066573113,19.7920818912523
"886",53.5077480578323,0,25.4568244096957,875.690739601851,5.16327188140713,32.920548860313
"887",57.2876946139088,0,22.5512368023621,883.828286314383,1.39665232901461,31.781849862818
"888",63.4348091738124,0,16.2753664053215,519.753734814003,4.47055049124174,22.6607790720638
"889",60.1824731591964,0,14.7573644144179,663.241690956056,0.146678942721337,31.7832117288636
"890",73.871261533391,1,15.79550753952,121.539818588644,2.38068024069071,23.8649576724241
"891",55.9592944470736,0,23.0889250115376,913.835400948301,6.38924801931717,30.408113195943
"892",61.0147564874532,0,21.6995071597736,823.393497150391,2.61854086839594,31.4832735347081
"893",64.1891919493333,1,23.1224119032909,646.812011022121,5.1921199739445,27.1213881795488
"894",70.4844658064732,0,15.5352696536709,38.9530404936522,5.82024127990007,22.3388230731158
"895",82.9659241710184,1,13.5316874858992,95.0854569673538,5.48864741739817,13.2383184531938
"896",68.5859201982902,0,16.1489894274347,393.784214509651,0.316381129436195,28.0001942299444
"897",72.3645602089745,1,16.8998303289506,397.694636369124,0.860763010801747,27.67554140718
"898",68.3746215468277,0,18.3319754628895,207.572287181392,0.269477958558127,27.9159242747056
"899",70.817205336551,1,22.478011214979,640.324131585658,3.80640934361145,24.082521783694
"900",81.8479527935066,1,13.547547856779,42.037695646286,1.16903326380998,18.935213137388
"901",85.841381673484,1,16.8674419240157,412.271958310157,0.289257697295398,14.3750070735189
"902",61.3294592495611,0,20.1329436956364,496.155577013269,4.66294333222322,26.9247339038847
"903",70.2380079613749,1,16.7920662823635,249.263775534928,3.85066847875714,25.0066996129419
"904",77.2512093078775,1,15.7058645194566,93.875020975247,1.92745742155239,23.9338445557547
"905",75.2434136491817,1,19.5640207352179,235.592782963067,2.4206580882892,19.9929201013412
"906",68.4293741585586,0,19.6249212317581,422.321518650278,1.21697218436748,25.2311593668039
"907",64.2944282455184,0,27.4012662929646,905.543490080163,3.39194250642322,24.1256899371082
"908",64.1491261249724,0,19.6084222314816,187.657282222062,7.12664170959033,26.9398083173335
"909",62.3893276668111,0,14.7453200729586,255.015149246901,6.04701604018919,28.6477132470266
"910",71.7600192889992,0,20.2126312511191,688.203088007867,3.66751974751242,16.8303610263428
"911",78.2394353523327,0,16.7339262529523,134.103570133448,6.81085035391152,14.6113317525612
"912",59.8470288350009,0,23.0481231600757,516.114808851853,3.35412537725642,30.6936728570455
"913",66.0990242086071,0,15.4877170922611,63.5861731134355,5.98674903111532,28.2277723111613
"914",72.6952157688367,1,19.774008644776,285.983705660328,0.409087486797944,23.6364790618636
"915",49.4089573864111,0,22.3669899832095,900.21016006358,6.32062289910391,34.6585563593921
"916",63.0479664078533,0,24.8638173863032,906.484667677432,5.53350044810213,23.7391837411462
"917",68.0178924712422,1,19.0696009872922,519.173713633791,7.64520304393955,21.6306789425391
"918",80.0966938694149,1,18.1038752145199,182.755095651373,6.3354092342779,17.7617207377438
"919",63.0478006162957,0,16.5875025509347,198.275001952425,8.02103325538337,25.2664273966017
"920",75.5922159529683,1,14.6805742030872,28.8243733812124,0.132294148905203,27.2463462494512
"921",57.0704355889073,0,20.5176014933604,510.703712468967,6.05694039794616,31.183822489323
"922",56.2816609880599,0,22.1747995285494,903.460510773584,2.70262602344155,29.7989829437653
"923",74.3475496900604,1,14.7368649451537,387.694503180683,2.60448794136755,17.9880733872809
"924",58.4268376132382,0,14.3342885504544,28.3467383123934,7.52953324117698,33.8221535070687
"925",64.420288134723,0,18.6105338469083,525.613802950829,0.51077841874212,31.5978100669867
"926",67.4213227697566,0,14.8898290126626,55.525675881654,2.07893775519915,27.6315852785023
"927",53.4046236180155,0,25.7745772385692,935.034348862246,7.91998350340873,29.755670002177
"928",68.5458524836713,0,17.6839636140272,156.972300959751,2.72199901565909,27.6816794919067
"929",64.5583290381347,1,20.3352401214548,867.453631013632,4.50860024336725,26.014414605442
"930",69.1654067036707,1,16.8798231289641,16.9166673440486,5.15415841829963,25.7193347724494
"931",56.539521852191,0,16.5618754005998,263.176421402022,5.15146914962679,35.0113922448142
"932",75.8236162479774,0,14.2208216720166,150.836472399533,3.29012566362508,19.6442151226284
"933",70.1609977753846,1,19.3859626688806,770.612972090021,5.19675227673724,18.1296603381946
"934",62.0699038191566,1,25.3623997003862,819.828768726438,7.95313518983312,24.7770604296779
"935",58.6806866001913,0,25.9171751715195,934.358055470511,7.67332355165854,25.7389433923111
"936",63.5390793388371,0,21.1729816433941,613.235746743158,6.5976113488432,24.0206585541184
"937",57.0115015512258,0,17.0865000133403,345.47071531415,5.88745962758549,37.2211145058655
"938",50.6669034656016,0,17.433591271117,282.131652114913,7.30794035363942,34.3356223253453
"939",70.8272448207637,0,15.5444727898055,82.8978365752846,0.975732803111896,26.8229136234807
"940",68.0777140887624,0,16.3954829848898,5.47489337623119,2.28770519304089,29.1489816189757
"941",61.406293426671,0,17.5276033987381,365.785882342607,5.6671125004068,30.9268275748491
"942",54.4811612522586,0,18.3194108561847,794.244296848774,8.26229804218747,28.5668174340175
"943",63.8036045689274,0,23.6812425366896,779.263168340549,6.80170937092043,20.3153054170479
"944",60.9846235974942,0,16.4786277877532,214.391015935689,7.09331468422897,26.0107005353515
"945",70.236113581427,0,16.5959573287149,399.226105306298,4.16509687411599,20.9810477765799
"946",61.3824606627673,0,19.8626160793239,350.937450304627,3.41866829688661,29.8419093901612
"947",72.6055221265128,1,17.9857638032103,269.274585181847,6.99903942528181,19.5056820478224
"948",68.8833298058378,0,17.9654674439397,264.38356237486,2.97536529670469,25.4312140341384
"949",62.7880221379089,0,20.5197640867193,457.507680403069,2.5782809110824,27.8372663650202
"950",69.0517206159491,0,19.0410451478783,603.468701476231,6.4317072245758,18.4541321103657
"951",52.2098080209536,0,20.6055459349658,856.808599317446,4.92978694662452,32.6847138587424
"952",69.497505969121,0,22.4986351873981,606.139315059409,3.2598144155927,22.7307612349069
"953",71.6025598527636,0,14.4029149745081,86.3312280271202,6.13423835090362,19.0934225915288
"954",52.7255685186658,0,13.7333870333092,13.7062326539308,5.63988497341052,41.1292930041843
"955",66.8867692734557,1,14.6661252967206,115.231281612068,4.07223894889466,28.7068478232194
"956",51.8186895639841,0,22.4689046136715,658.412232529372,8.86906240135431,30.8087945813839
"957",60.7527776963965,0,16.9025982253191,227.517704712227,5.59312633168884,30.9424025348627
"958",75.8087524682273,1,13.2176259651544,78.061114763841,2.86880532768555,25.6525288097311
"959",76.4896072878288,1,16.6807525229584,102.55360044539,4.00688970903866,20.9725163753278
"960",68.58008899581,0,22.6642659539411,692.114462843165,3.20613314746879,17.2740690635573
"961",63.5230724639062,0,24.4738337660425,900.044493610039,0.84858856885694,26.321352979602
"962",59.3873645694006,0,19.7362260965254,362.872650381178,6.37026282842271,30.4932825023548
"963",66.2716991642706,0,15.4702563027728,110.114147188142,8.52656030072831,22.4171260586972
"964",59.6986045865501,0,23.6112575457606,892.000646563247,4.59474418871105,26.350726681566
"965",61.3294687127564,0,23.2489558425583,902.228967752308,0.658900626702234,27.230183637663
"966",64.9366315144435,0,22.7077421361497,657.233117381111,0.548643448390067,30.5141858094014
"967",63.6940419185303,0,20.2812248919157,376.393497455865,2.20608725957572,28.0457469854582
"968",65.5632177321479,0,22.9460012499113,966.451030923054,0.24512513098307,25.8568118535628
"969",55.9856524807706,0,23.3566653855531,993.60410659574,3.33870566356927,29.507407486666
"970",63.7525738241996,0,19.0419345806652,632.817779667675,5.21578745520674,28.019330914811
"971",68.7025625317639,0,22.4069475669894,865.713429404423,2.80080977641046,24.5020482365852
"972",71.0361797317997,0,17.801848574744,207.779563264921,2.47827044175938,23.4095288013957
"973",64.5010068754622,0,22.3752444562771,738.777963677421,7.58100700099021,21.0194633724091
"974",70.6950981438158,1,17.1822912985136,314.159933011979,4.09924061503261,26.2309697987539
"975",76.7869473641583,1,21.1648193855742,311.020133784041,4.76704132044688,14.5136511904434
"976",75.4877204135113,1,17.5604200255054,391.769662732258,2.61565696774051,18.8804900593519
"977",69.5051805642362,1,16.3065619172245,291.72414727509,3.60918247886002,26.1037023831842
"978",71.1797449494672,1,21.0692536994246,548.051569610834,4.05298104020767,21.1607871029755
"979",66.34198731691,1,18.9893918532265,556.530434871092,5.02390226628631,25.5250817475785
"980",68.3698755651529,0,15.9473928870423,293.874395312741,4.98089744523168,23.4254938155945
"981",68.9357657432181,1,23.1065773548484,687.969783786684,4.97450111643411,24.3255618966128
"982",62.2388965255261,0,25.394470073329,835.906040621921,8.88731654151343,22.1659300300645
"983",56.0492858117465,0,18.5470428830016,538.743302458897,8.83613550290465,25.6981197050377
"984",72.9195920342518,0,21.939798799056,501.595423091203,5.43607725645415,19.4142574235984
"985",70.9126166620421,0,18.2803222505399,440.251651220024,4.0951555960346,20.4943148525452
"986",72.3066598384096,1,13.1718203859407,165.057492209598,3.089986177627,23.586609321128
"987",65.1731628242387,1,20.0743368387395,344.236746430397,5.02592066838406,27.8860289295546
"988",58.4869967188021,0,27.4534190829663,811.542789218947,1.59271426848136,33.4106250523318
"989",65.5338843814707,0,17.1650835925538,146.448500221595,5.87113389931619,28.9512940396516
"990",73.0660346662038,1,14.3218042189584,53.5001715179533,2.69837013306096,26.3022346370717
"991",58.2742660136387,0,16.6351876250798,462.636695243418,7.96476162504405,31.2474238705306
"992",49.6675451787411,0,18.9849877944359,234.452948207036,8.33049967302941,38.0036159646584
"993",70.5573274200603,0,23.5547895216584,438.790800748393,3.30997636145912,21.4212263818681
"994",71.7555731957582,1,24.8504254685385,578.884895658121,4.11589046311565,20.2729777800753
"995",64.5700792565762,0,17.4512175950043,386.681579751894,2.37958868849091,26.7469947974451
"996",61.6644203036517,0,20.287420567549,216.524022631347,8.58078620606102,26.3755787174211
"997",71.6982931898336,1,15.0659855509859,167.475764406845,2.35537876398303,26.5844251109765
"998",59.5932116038557,0,20.5836943894648,610.509515274316,8.50156609201804,27.9237540435265
"999",70.9984208002078,0,16.0488697658321,257.396448636428,2.14704679325223,25.1023524716876
"1000",64.2837888289341,0,24.3924173062033,792.97791281715,8.56928822561167,21.0648454647288
